-- MySQL dump 10.13  Distrib 8.0.27, for Win64 (x86_64)
--
-- Host: localhost    Database: financial-diagnosis
-- ------------------------------------------------------
-- Server version	8.0.27

/*!40101 SET @OLD_CHARACTER_SET_CLIENT=@@CHARACTER_SET_CLIENT */;
/*!40101 SET @OLD_CHARACTER_SET_RESULTS=@@CHARACTER_SET_RESULTS */;
/*!40101 SET @OLD_COLLATION_CONNECTION=@@COLLATION_CONNECTION */;
/*!50503 SET NAMES utf8 */;
/*!40103 SET @OLD_TIME_ZONE=@@TIME_ZONE */;
/*!40103 SET TIME_ZONE='+00:00' */;
/*!40014 SET @OLD_UNIQUE_CHECKS=@@UNIQUE_CHECKS, UNIQUE_CHECKS=0 */;
/*!40014 SET @OLD_FOREIGN_KEY_CHECKS=@@FOREIGN_KEY_CHECKS, FOREIGN_KEY_CHECKS=0 */;
/*!40101 SET @OLD_SQL_MODE=@@SQL_MODE, SQL_MODE='NO_AUTO_VALUE_ON_ZERO' */;
/*!40111 SET @OLD_SQL_NOTES=@@SQL_NOTES, SQL_NOTES=0 */;

--
-- Table structure for table `email`
--

use heroku_52ac4186925663b;

DROP TABLE IF EXISTS `email`;
/*!40101 SET @saved_cs_client     = @@character_set_client */;
/*!50503 SET character_set_client = utf8 */;
CREATE TABLE `email` (
  `id` bigint NOT NULL AUTO_INCREMENT,
  `email_from` varchar(255) DEFAULT NULL,
  `email_to` varchar(255) DEFAULT NULL,
  `file64` longblob,
  `owner_ref` varchar(255) DEFAULT NULL,
  `person_id` bigint DEFAULT NULL,
  `send_date_email` datetime(6) DEFAULT NULL,
  `status_email` int DEFAULT NULL,
  `subject` varchar(255) DEFAULT NULL,
  PRIMARY KEY (`id`)
) ENGINE=InnoDB AUTO_INCREMENT=9 DEFAULT CHARSET=utf8 COLLATE=utf8_general_ci;
/*!40101 SET character_set_client = @saved_cs_client */;

--
-- Dumping data for table `email`
--

LOCK TABLES `email` WRITE;
/*!40000 ALTER TABLE `email` DISABLE KEYS */;
INSERT INTO `email` VALUES (4,NULL,'dionlan.alves@gmail.com',_binary 'data:image/png;base64,iVBORw0KGgoAAAANSUhEUgAAAMgAAADOCAYAAAB7AU2DAAAAAXNSR0IArs4c6QAAIABJREFUeF7tXQl4VEW2PlX39u109hDCIkIg7ItEhWHJRgIBBcWduI8z6jx0xucy7uhoq6PiiDhPR5/PcUZnxgWDgMouYCIJIDOgLLLJlrAFyEbSSbr79r1V76ubhabJ0p3bGzdV3+cX6a7l1H/q76o6deoUAp4CggClgN7fOkaslyXRRapEQiWRUlGkkQ5RsCOTC2OTgJBJATAJimISMdn/ZMY+GxPmmuL0GLFOHSyoyEVEcKkqcplMyKWq2CUQUEwxVKlDVDFjoiRIsvL+mK0KIKAB6UgXrxR18f77pfvWgmzRYiqzKKIpkjhxJBWUSKBChC+Vqyb7/hcmHKhlZW5fMT5WFkyDfSlPKHVgJDQ4BWcD1IsNtbEme2FOoeJLHTzv+Qhwgvg4Kqy7RkoR9giLw+awCFiwdIYMrTUpWaQDT43dWsO+m7UmNw6IY5CPop2XvZk0oNjtIBE7VDvsC/N2yXrr7UrlOUE60DabHaTIk3GqQ4rFoitKJaI5EAOERAsHrZdtO8Pqvq4gO94kKwMD0Y4CxCmCWK8IjtpqIbKGzzLto8wJ0go+GimEmgRVcMVSRGJBFXAgBqt7nSaAQ09n7qxmn922LCPBZYKUQLdJVJWogGpNINSWW4RqTha+xGpzzLWQgjriKRZjAz04PesnAjlsTdtVpS2xVk3sBkgYEHQZkKsWK9IZTpazyHfpGaSZFIDsCQqYYoI9IN3bEyVXyZzxeyvZZ9evHZcoqlL/UMqjCGATZVTd1cnSpQnyfMHoiwWR9gzlQGxum1icpdaxP1ewf99akN1dkZXkcJBLVV2nFs/YfCwcZAmFDF2KILUF0B1UoLG5oP1SW3eNjMZVeGgogPdsU6TikTlZP5ZrS6wVmUkg0H7hIBdI4r6FOYV1TJYpi6ckqg4VFd5WqBG5K6QuQZDatZAIKiQRE0RhArbYXPi5Wbmvbhw5yKXiuFArm2B01Jq+47S2xFqd1kME3DfUMgFVaxZeuelAsxwZC6YMAUxiREzrBSyUr7thnfZDY+RkaILUrIJuSIIkAhDtrkSXDX5Ouha0U+tX1l+WpCAl5L/Wgokee2bCT6e0Jdba8T0V1XRxyAeeio4snFGkzWrpf0uPQTHSEHeZKEAdAal8U95qzbhgxGRIgpwpggTshCSCodWNN3VCZcJ0KGEK/b8tY0yn6uVhgEEKpYKJQo5bc3ad1JZYy3/RC0Rzn1DKA4oqJ/SU974/dquLyZH9WXZ/RUCJrcpEsA1UZ3nx7cWamdpIyVAEqS6AeOyCJCpC+2ZaF0BcDexEeaCdKj9fNKKfAEJSKBUrUOXEM1l7ypgMN6zK7C0gelEo5QEnLV94zYYjTIaR+bOkBKi4pCN5MFZrsYDLC68v1A48jZAMQRC6BuJqRUiiFLzeS5hkOBF1JWgD8vnvB8UKLotPvk/+Vr6K5LIXMvadYPVe8036RWaKevu7DV/qk1TX/k9mbNZ8wzIXZfamqug1YUWgNSKI5Wvz1mquMxdyuqAJQgtAtGPoLavQw1clCAicMTmwC6DRC/aVomFDQnkWggV88tm07ceZLLOWTuwDktDL1z75K7+igG3JVcXNhgyUvSB7pIKRzy42WFVP41647EI+ob9gCcI24IoEvQUAn7xm3QcRioDDcWmgbTBf/n5UT9WFQrYxVhV06oWcHdp5ww0rxl8sCKaQnc84Ha5jX1+7WTMYTMy/opsAcqdP9akCDiI6yjblbbogN/IXHEHoLpAcJ6G3E0F3vb+YLgK2pCaTr7ZZtztGAGBRb72dKY8JPf3spJ+OsrLXrs7qKwHxeVbsTLueZRQKSlJ3++7mzXnGgowhgPV7GRABVdSoiWW78hZeUN7EFxRB2EGfokBvLPjP4iQj2NcjB7SDsD9uGJ5MiKibeJ0ZqCqo5S9k7tY2xbPWpPcDgkJiNFBFUrF4ysZSJkd2fna0AshvB6kYVBkruOxCOmi8IAhCCyCiRobeYIJunRl87ZWhFCoSpoA2IKwFl8ZjUQ2Im3lHcmOsVDybvkeT44blacmCiENCVJckHvwyp9EKlbZocjJWqd/lwKBW4XpcVvjrQkdHuIT6+7AnyMnV0MNMoTeSIDBLHwq03Am7Bs8Ap7ZZ33jJMEWFqGArhiiuSmvOXu1s5rqVE/qbsNj6mUMABSOg1i+6YtNe1sT0t6ab63o4R1JMAzNGCChEdpZt/OVGzXsgXFNgOu+H3jILlVOFfg4MCX6ort0qRATHo3NAO6R7ef3w3iry3qTpL9kQQVV/mLTjsLbEWj1uAIDk99myI1lVik4svrJIM31n52f3UgAF/rBSEKrFbsqRcLV0hSVB6Eaw2GyQzHynOlKqP74XABzRObAbIaD/tWWM6eJ6+yjAgb8k5S47Aai2Zu48xD67cVlGCjYF/ofhnPZVlZQclX/aOnurCyig9EU5IxDpvIXQF72oCq0H0Vm6KW+T3ZdywcgbdgSpXAGxyATJ/tyIewMkkuFw3JWNJt+XNo8eQGUa1F9whOmZP6T/dFBbYq1IG2gScLw3cvsvD65aeMV6bQbTa9rtjExsA++Uo0o337FSO5wMlxRWBGFetwRBMiAIulxIgdq4abCfKSYUm3WikBprzi7Nc3bWqomDAAleewX4YzC5GsSDXza5iGR9kjWYmISg36pEBFFJQqXh5CUc9IHYljLrCqCXQiHwa952RtO5Xr4jRygIW/wx+LypAxGl9g+T9mgEvXHp+MFYMgVvgKrIvnBG0W7Wdmteu97I7888ItDjhXmF2p4w1CksCFK1BvphAUJi93dXgKRCeeRU0M4i/rhuSB8imYPm7kHAZbNm7tXcO65fnjFEFFv3RA7IgJHVkwtnbtLcXNLzc/shUEOuCwpy+Ya8RmfJUKaQEoRFH6z5FlIAQZDX261DblKBRLpgN5oBTnZf3RRxarSqiEHBSJRctjnjGwly89qMIUQNDkFUqtAqc8QOZkWavmK6ub6hfgQhwTVQtEUAQtCZjTd/eyiUUSODovzWAKD5INniICVYlipvf4XcTb4vbRg1kBIUFPIihOr+kLFjn7YHWZk+FDA655KXt/L7ms+lkjNfztioGQeCZtr1QUhRofXlYvmhXSEKeBc6gmwES50DUlQdzoY+4Ox1VmbyfWM97LFagczdMiZOtsu6Ixx607goQP2ctJ3aId2NqycOwyAExcQN2H5g4dStNWAFnD4kZzgSg2Pa9QYTlodicBDiOBQqE3DICKJ1fgtE1tkgRaXgsyu1twB3Jh8mUNIc2OHlDcNHBSqaortsSKQNf5j40x5tD7JmwnCRiJGdkd2XMizK4pIrNv7Eyoz7x5REyUJCGmrIU3aRUKctKubQ1plLG3zplz/zBpUg1ArSsVgQ+v4eWg6EThdAtKhCCsZg8mfH9NSFENTE5YBmcg3WZl00EfucCbs0S9KstZkjQKWBt6C5bc6z87MHKYCCalpuT0dIUVyCKBwqzGuMqMLSxPyJllqoVYO53AoaQSgAqpwHQxEGoVsUHEazoeVXofwriBHNkBIwf6tOsMUlwc9JGWBjm3UsVqZ2ogrfiiDV8VzGbnaBC25clT4SI9Tpey7eNlwuidvZ5jz9q/QY5Dw3IIO3dQQkHwGF1suHNtyzQQuswdKYpTMjI5x1A4hM1U23FbK9WlCeewgaQU79CQZi3GitEkzgVKqhpIe10c2cJXaCjkVIQSIIAQHdx0rdTb4vfTd8cKDDkQpYcT6Tvkdb7ly/Om2UCDigy06CXLWLpm3Wzl3CxbTLZCFAVVW2HHI/UZ+2elqUXC0PaLnV6HJVF99erLnlBDoFhSBVc6GfKp57zkEouDCBw0lPNobfYalqDcQhgBQkQMCDRXcELFWBnBFhz4AccARlsy6A/Fzazp1MrllrJl4CRAhslJWmzXn2h9kRJIIMJ0LoTbsYq0Qi0iH3u+zs4FKIEfoTOBcPUaanCu8oDHjEx4ATpO4d6GW3t35CThAoogkOJz4ILf43LDKJRCDFFQJ3E0/SuGQ4kdQU2OHl9aNGqwgFbJ8kmKjrmQk/7WAy3LgyczTGNGBtEeJyLZq+WWsr81+Zvak5+N7LnlgzNxPBTA65R0QZ//H4WJMYOQBw61cdiGg6uvGGbwLqLh9QgtT+BRKdDmjXMiIKoFInHO72FLREwGD3zakEnb4H3dHs4O33AgF79BTYixCQ14qHXuSkUgAjjRDlucxd27Ul1qqMVBEF6P4LW+IiWrZg2oYTVqsVrxtRNIwCCbxBoAPQVXAcdr+3npufG9cAygAMqN0lt2c5b3Xrbb6AEaTyLYgVVBjkUjt2PBQREMBwOOERaImnpDku4vbJ5W0n9eRrNvnm01nC3uK9l+qpq72yAibqM+m7tmlLrG/SLgWKA7cXq+m9bWHeQpXF2nUqoTftmu24ZN1dZ8OYZi/JjicqGeDNiT6beYjFuX/DtWc39P7UUUAIcnQ+WKIABqnE+7vjJgGojUJJ3983upyzxO6gEwohjXLubvJ96fvhg6krQG+HCCp5Lm33j9oSa8XEy3CA9gTum/NwMO2KCi11v6Oe8UlGAhKkAb7cZGTnJWCHA4G4wut3glAriJXRMIhC5y47OWUouXhOY/R1lmzrIUlVIKSxc1UH7E+cAbVz16TEyRFRATlZF6hCn8na8wPr8w2rJlwuoAD5gDVtzrX1vRQZ0mB5CJQjRXmNsX9Z0nMPhcUJNu2mBwut/n241O8EOfMmpLhUfbfhzAClsY9BS4h92wbooTohZNHO3QM7zC0amSoHKDTQc5k7t2pLrNUZY/y5TGiui4X0WXJlsbbPSftkcjI2+T8gg7dye26w/bLcE4Tq4hvX+tX861eCnHwdegjIPwM5QoIjMQ9Cy6/L6eXQS7KE5r6IiECNAtiLcsDxfPHQi4RObNbZDAECyISaXGACWWkAF5JANhO2aENy/T7VZW1yyJuVP1KKiOtjqnI1SJKJmJCqSoJgNgFRJQVTE6JE6swM40S07OtpG04w0y5EwTClgw2wt4Pd13ye9z0y8zOTKIh+WSUQh/OoPwNB+I0g9EOIOF0FQzH1n/UlgsLRmMehxYxXvwp6uyTwOkasr4prL79JhBNRWVCWnz9L2Nu74806UaA+MoqcQWbB5j74/SVTM4kcihxDRGe8V86NTZtzX2Pt+ktmVg9yKieK7mwMDKHNZP9M64EjzP5bHRBQRDvd56/9iN8IcuZ1GOBCAYhbReB4jycaI46wVP8NXOQSIYDm1taHAzP5rqyCfXl5oLZ2ss5mCIzEM1Ry1cjj9lZbmWUuiMlKAW9fNy4BgxRHFSXec4Zp3pzPyp8lnISqoaEw7VJVLNtw6xotQDdL4z+d0tMkEr+He2Vxt9bnNd6v15v8QpAT86C7CQJobRLgRNIjjZHYWWpYB31kBEG77dfcLkZQGpsDFS3R4AnIKkHV9TJUz7tiR71eZfiz/LTVo6OiVUuCQHECiILUHK09+9Ps7oqIgm4ZlACd/DbvW+3WIkuBvnviaR3rLLa6CcI8dKtjYagvJt1OCatCWdKT0PLr01AAF8sUghrg+ZzADhRwsGeJTuHGglC4yRqKgAyiQE8V3njWLSQYSzwWJaUSeu7TGwtYN0Gq50GyAvoDSXujfIThZPffQ8uvUDDvsrO3DYkDyuOvhgv6FSV2zgDs/r8fAlJ7ozPPu+XpX029CDmVoCyRWcDsjTd+q4Vz7WzSRZCa+dBNJsF1CcESnEp8EFqc1KrXQTLyQ6T3tgAUVGigIpSzpVVnQQ7HcmypRTBJIlgI2MUs4kIVG28/O0CzP86+WJFQUGd9va4onSYIOxCsioWhJEjR99wHmaBAebenGqOPsFRdAP0RBb/GsmUP7CAVyucVQzm7fhuOg1y3TFbAU4ZMSVKxmtSZB3Laa19UaWXhrYVarGGWsj7L6ksEIehPOrD3SUy96b7OhjbtNEEq34C+hPr+spNupTZVIAJUJDzWGJWdpTPfwQBQ9VvRqAKqBHB6z2EoHzsbtAcsjZ7G/N8YU0RstyQquHp05BzoDRaeVqRQ3zdhL12tv3W99vaKr6lTBKmaC3GqCAFxufClA6IAlQmPNL5Wy5JjLaToCXYtCXD6FIFydgfEFzmMkrfpbkiSrl96j9PsyYsmJ8sBeELBV8wjQDjQmTcTO0WQmvkwSCbeP5jpa2d8yW+iUBX/OLTYvGtWwSAq+SabFrw6Eo6iCWfvpfgig9Hyjl8xPVZscPT1NXg1e7yzMK9Qu8vPUlZ+1gACQlBjHLelC0/ZvNWZzwSpfhPiFRVC8shMW50yCVAd/whoPjjUCrg2DQZ2+BR0U2URFM4cdcKx5vdBvAXO6PlYELkap/Ni7KJexQXDLrV2/f71B6Fpv5axKDcFVDXgT1f4ogfRRA/6+kS1zwQ5/ScYjHAH75D7IrWf8lIMNUm1cAhZgdB8EGzdYCDB7UcnVB1wKnHGWYuYn0QxVDVeWZ4ItvXG3Q6yOyYsvlbasMkDMPaOWMEEi73jvv6m9do9fG+TTwQ58yokuEyQ4m3lwc5HCdQm9YdDKA9U9gCPjcJAAnBehEJ231wQ4ajRTLeBwjt7aXZ3UkeYFeq8WAGam3kSPcisRMyN5ZTrVEooIsN73XeX61Dx7cVen2X5RJDyN2AI0ODEjPW6w54ZEdi627SZRKFbwGSzwUBCz95NYecasguOs/sdnW6jCxZk90fMormP+7mJiGm9rdJ2kD26k12QLSqnlJRgHUB2WgUE24pvWdf8BnyH1XhNkFAcCnYofds7srruFjiEZoOLPRtdVQaDBAwWIFBdLsNxvt/oHLJsX2Kzu/qwvQUCxd4Leh1YmLdQ1szECbEpqJXZunMtBbaUCtLhTXmrvXq33WuClP8ZhoJy/nIlsF3pfO1mgPqYftpySz5cABE9CSRGTjnrptL5mnnJyfmT+5B6Uslcymflz5LKcXmKQlBwYgn7AX62LNyQV6AFCu8oeUUQb6KTdNRQKL7HAPbaOjg0wNo1zzUCjTk7N1Gj1BQKYsijovjaV7OIS7x5ycorglTMg2GdvWPuq+D+zu/p4Ojv+rtyfWwmkYEG/dqBPzBn+6fCmwq1aPrtpQ4JUjsPujsDedejIwl1fO9+PqKjGl60HQTSFkweGI4mXW+U5s2dkY4JwoK/OSEx7K1XHoggARqqBTg0+EFwegMWz9M5BNjGva6ubuAFt8wi2GaWoLKjZVaHBGmGrfw1iFEIJIom/3rNdk4t7ZeiCIhggoPuIU0D0Q6vsxGBMfm5cVGqnBIO8X070gnzMnZFuiq9DTTnNUGaG2Y3CCviIFFQIFFF4fXwTbOMnmGDOgKNf68fAb8HX9AvUksN7HahqporY8vFypUPrvRpRdEmQX4YBEmCCx5HGJaNPgzrW5EX1cyHBJlC93BafmEVTiU+yd1H/Di+vK4qVHc+2hJQO+VXaGXhbYUsEOF574lk52dHY8BxZDc51VbAuTYJsj0ZfgsI3mlqfAUALKMKfH3psfPPEk6/A9EmOyQiARK9icXrNeI+ZjRJcCb+QdAepOQpNAiEOpwpi9WLsFLtlJ2Vm+/YfJ63RLY1WxRGC3F2mcY3Gxfa26y3SZAd/aGAAmS7w0wBSgHBMqCw9NISWO2pgv1vgbm3AxKcIiQG+6YhxuCoEuEA35SHhhjNrWpewLX2wRijgD4A5NlLFp/XiXF1fLS5YuWM85dR7BEepUaJdyo03vOhUs0T+fbWnRhbJYi2vFLOBmxrA/ICRGGZDPDZ2NKzIXlYXvb+ee2bkOBUIDFYnr9Ygv18Ux5acjS3zjbtFlCDcqGuZRl1a2Gl53vqzHmySqyKd58t2kJI3E23t7bMapUgHsurjlA/jQCWEQrLLi2FJZ6ZmfVLMEMCUiFRoYF5OQojOJ34KHTqSmVHnePfdw6BQO5HEFEowqjaKUdVuj/V1izptH9Oi7JFKPEmULp5vkzVVm/a8s9qlSA7+sNqCjCtE9BsZssvjOGDSw7DqXOWZ2+BudwBCYKfl1+UgFrfAHu5O0kntBXAItpSq84+3B933JvFJIQ6KcbV5iY/MHfxfZktWu12G4GvzyOIl8ur9qGlUAcIlhKAzy8rga/cM1utgO+VICEmAhL8cm3XDGVJ/302oFwAdc6r9hGB9M/SL0KCH17lItiGsFxdtLuosvnGoudsIRDava2n2rwVu7Vl1nkE2d4f7geAd72t1It8O9jGXhXgz5cfOButnZVrXn4pKiSiTiy/2Gu5hyJgX1eJPuIF1mGVhd0RgVMwrDMhhdiDntiFq0VBrPYMtsBmi1J7Vbxkdib68/5Ja8us8wiyrT8sQQDXBQBplZmKAcHfUg/DUvf6D1shIjoOErAKCQTAa89QiwjHoh8+dykXALl5lToQSFs8rQdWXF5Hb6cYHOASq4lQV70pb5PdvWm2t5CxnKCKuIcvL1B5K35rQa/PIUjT8oqF0QlYtD0mLKVwAGHIl2SYP/z42dekWMAFW3dIoHLHyy/ma/WXGthn2KBu3mo13PNRQFmfZw3rKIIjuy9OCT0zZdaUSiuytgTqY7PFMaiNM2Nnj0DfOcGqSvA+vNPdmnUOQbb3h7sA4KNgYo4AvlEpvHVZKSx3b5c9AoplYHFkExQVznvQkruTBFNL+tpq6/UobUBC68uoMUtnRppr65OC/QqW5zLLkyCfAMBt+uDodOnjlMKHmML80UfOBohmD/NUnPFYfiGwJT0KXt8r7rREvKDfEMj6ImswIUKstoJQwAFIriYCOWcZZaVWvG7hukSCxR6+xuTyl6Cey6xzCLIjGfZTFPqIiUBhLQKYP7oUVjZ3PH8WCBnjIUEkkGBXoSL56Qs7yrq/FHqh1KM97dxAkjDC1UliUrUWIqgpsb2FI8LRIxyCzLET+cJbCn9qlq2FID8MgGSBng3jGSbAVyGAv0RhmD/wENSEiUxcDD8gYLVacdFlRUlyvdyTiqLJD1X6rYqYkxE/NXv9thBkWz+4GuFzrUt+a9EPFVGAbwBgfms+YH6onlcRJARY+CCLZOmhAIoLUpM+N+MegfEsQfrDUwjgVZ9rC3YBO0SnnoKweu4s2BBcsO1ZAWeMyLks3OVHgnKi6MbGh0ZbCLK9P3wKALeGufAlqSXBfbAnzPG44MRL/yJnZKg24N6CRQg6s/GWb7VrE+4EYXGChnhbSUjyUXg9tRSeCEnbvFG/IBCM9wn1Cuq+UdcI4hf/K71SeVFewDBu1CH4jxdZeZYwRWBi/kSLABEjwlS8FrHs1bU7WEhVjSDbk2EyIFgX5kLLqSXheQc+zHELO/Gyvsi6jJDzA2GHk6Cu6Ij9m2esrNUIsi0ZHkUI5oWTgOfJgmBR6mG4Kaxl5MJ5hUC4vDrVnrAi0OOFeYUnG2eQC2CDTgB+fVlJcN1gvNI2z+QzAuzQUHGhsHqE6bxOuITq4tvXHmomSPhv0Ll51+eBGLYFLgBzL7uctfGWwp/QljFgMlWCHLZgNgq2KbUE0sJcRi6eDwhkLJgyBDCJ8aFI0LMWzyr4Ae1Oht4uFPY38uakllwAh5hBV+GF22B2fnYvBVCfcO5BNZzeiXYOgNGEwvZwFlSlkHZ5KWwKZxm5bL4hwBwUGyJcw3wrFdzcdkv0HnRBmHhF6Jt6gEdLDO7wCGxr7FUqS0Ls6MC2oq92ZupF2/rDzQhggb6qAlqan38EFN7QVZ65IPNyikWf40MHS2KzHZegHcnwO4rgL8FqtBPtHE4tCd+XdTvRH16kCYG0Bdmjgh2B0RfwzQo+hrb3h+cBwOpLwSDnLUotgawgt8mbCwIC7rcMg9Ccz02IMj3FlljvIYDZPpcOXoHPUktCdg04eL3sgi2lLZqcjFXaPVy7zt4SYTPIlwBwbbgKCRTmpZbC42ErHxes0wiEu2cvC2rNCPI9AIzvdC8DX/Dh1BL4n8A3w1sINgLZS7O7K3aUHOx2vW0PE7WBEaQUAPp5Wyjo+SjclFoKi4LeLm8w4Ajk5ufGOYIUBb4znWEvUzGCsCeppM5UEKQyE1JLYHOQ2uLNBBEBFvvKYq8bHsQmfWpKe4xnez+YAhhMgMBESeNfTEFkfz0/o02fkaZ87HvUnJeAqfl77TMAFqmi8b/mfE3/pm5/EZybl313zmcu6Jt6nB8S+qTZCyRz82GhNhCpQhUBU8z+n2CKRBfFBFMXQRSLmCLi0v6yf7PvcdP3Mvt/E6ZYlSlWMZUlTJGKqcD+LbHPMXWqAsWSgwqqoD3DZlcEKih2KkSwv4L2t0ERqeCqp2KkSEWXSG3RJiq6amnYHtJcIDrmYhocAU4QgyuYd08fApwg+vDjpQ2OACeIwRXMu6cPAU4Qffjx0gZHgBPE4Arm3dOHACeIPvx4aYMjwAlicAXz7ulDgBNEH368tMER4AQxuIJ59/QhwAmiDz9e2uAIcIIYXMG8e/oQ4ATRhx8vbXAEOEEMrmDePX0IcILow4+XNjgCnCAGVzDvnj4EOEH04cdLGxwBThCDK5h3Tx8CnCD68OOlDY4AJ4jBFcy7pw8BThB9+PHSBkeAE6QDBW+beHEfOFM1G8nyTUCUQUBZpBZkp6KwB5kj/1YF5n/m7CqvM/g46bLd4wRpQ/XUasXbFs6/D9vrXgNCotsaIVQQy1Bs3J2jf6j4FiGkhZXhyTgIcIK0oktGjh++fPspU03VS5RSzLJQyQyuS9MIiY0n4unjWNz1AwZVaSwtiA1KXPdfX761bCEniXHIwXrCCeKhT0op+iE3NUM4tm8Vcjoj2dfOCVNU+x0PHafRsdsA4AyltDeuOHVJ9F9f7iH+vFMjEImNLyX9h+eO+XrTAWMNka7dG04QD/3n5+dLg9559mOh9OdZ7Ct55Fi1YfYzX5KY+LkAUCKKoup0OiVRFEfgsiMvRr/9XLpwokTD0TX4kpdsc956MScnp2lq6dqDywi95wTx0OIPj96TjDau2YDLjmgvsNbf9cj0yKJfAAANtklEQVQO1+Tr7oiKito7duxYV3P2goKCCELIuJhFf/3MvGLBRexztd/AHVVX5k3OnfNqpREGB+8DX2KdMwasViueolb/InrFgm9x5alIarbQhtse+LMza8ZzOTk551mqVq1a1S22aMXfoz55S3tfRUkZftJx3W0Zaf/97CG+FzEGvfgM4qbH/Px84eIDP2ZELvloFSoviwCMwXHlLdbKq++YO2PGDBYF/5y0dOnSyB7L/zU/YlW+9kKXMnhUee0Vt2VlP/r0Pk4QThBjIOBBkJ6qfXTUZ+98a9rx73htXzFyzBK4z3rH2JkzGzw7vGbu3Lhuq/+xSjy8Z4K2XxmXc6T2rseyJs+YcYQTxBjDg88gbnpkFqw1a9b0jlm/fHHkp2+PB0KARkbVK30HzRyzaluh+6DXrF05w+8Sjh38ACkugZokaLj7seW1l2X98sorr6wyxvDgveAE8RgDq1evjjIr8j2Rn70711y80sK+pibpDI2KfaIuOvKLzOIj1UUZ/RKia233o4a6Z5Hi0vI4cq6pc+bdf78aEfFFTk6Ogw8tYyDACeKhR7ZRz8zM7CvKzhfMKz7Ni1i90ILk87YfLaWoJQrs191V58i+9hMXQi9OnTq1rKPlFZt9doyIfYzK9ltRz+QrUzcePN3ecPr3L/r3kqqOLUeSZcHo3bXzPOtnB5s7Fr+dDfU1r4OqpAIgmZrNi5XohDljt5Ydca/bl7zGGOL6esEJ0gp+bLMeb7GkRO778Y8R65Zcb9rzI3spq9XknDDF7sye+aFj4MjXqqurj+fl5akdqaRgnrV77Ff/WkeTLrLU3Pv09KJ///uw1WolrZXb+Mgsi6W4+ANcXnabM33akupfPnrnFVdcUd+cl5Ft+7heeaiy4h9qn2S7Y/L1dbj6tGD55osECnDE1T1p+i+KjxzSZkIf8nbUh67yPSdIK5rekj2ku3jy2HvI0XBj89ckPhFcI8eq1BJJhYoyLO7biZG9cZxShFQUGT3fFRFjHbv1xHmb+XN+wSlF39990zjL1oK19ul5m+qn3nRrbm5uq+cmq6eNjupZXjYXnan4HVCKnJNmrpJ/82ReRkaGrbnOzTPGDTEf/XmtclG/+LoHXtxKomLXIIS6mQ7sujr6zSdTaGzi5+qvn7l77OzZLl/ydhUCdNRPThAPhDZfPy5R2r9nEa6zTdIGf3QsrbvjoQZlXE4pRWg3OzsEgJ7IJQ81f/tlb8viv0c0L8FoXLe//az0/m3erl1yW8AXFBSIUe/98XfS3h9eq/vVEy9XDxr1xsxWLGT/GdtzlMlW+zckO36hDhzhEg7skjwJwuqKefOph0w7//N6wy8f+lGefN299fX1By0Wi0SdDZNjP3jtPeHnncg5eNQk+wMv7vY274RFRTs6Gjhd5XtOEDdNs/3H1YUfP2EqPfQKUIJIdBzYHn65hAwaNR8htMzlctUKgsCWUOyR0u6U0tvMW4vvi/rry0mMJFQUFbX/sJsvX7NzSVv7kI0bN1rML9yfD0DT7Xc9fnPEkOGF7if0TJyiqzISYo7tXgn1trH2vNlnaEJSbdQ7zw/wJAg7h+n97nOLxSP7c+vvfOQNefzkl9iBZrM1Lm7Jh8si1nyR6px4xX0Vt/728x5vP5PvTd76ux/9kLvLNA4MThA3gqx95enEbis/XyccPZTKPnZOuf5M/a2/+41C6Zrc3Nxa90HPyDRp0qRu2Nlwc+RHb/5J+n6t5tio9Bv8jfOBl69Ly8uzt/Yry1xZYMM3G1wjxtQ03PnQVd99990R9/0HG9zF818dbN62frFzWp6o9k353LJiwUUR+e/d60mQtX/5S2L80r8WC5WnU+rv+v2vT/RM/iIvL0+bvYqLi2OEpZ+8F/n5/94mp019p3rKLa90y39rnTd5y+945NHWDka7yqzh3k9OkCY0tIH54J2jYzasLkJV5THsFL3+7ieWK1kzfp2ZmVnR2ozAyqxfv/5iac2iBZEfv5WmESR5yNHa7CvScl54+5jngGKkmlGy5Sppy/p8e979X9RNzH1g6tSpNZ57lMLCwp4A8CuE0GZK6Z6IxX9/LHLpvx49b4n16lP949Z8uQFsNd2cebNnHk0eUdBsJGAzFc5//xXLlx89zDb3jvHTno3+8oM13uT1NAR0RWI095kTpAkJZrnq8/PWdMtX/1wtlJdFkKhY2nDz7OdQ7vVvpKWltTobsKLs3CR2zcLXI7/44H72b5LYs9459YZJ41999wdPUjFP4f6fv/2yeOTg7+y/eeohefAl/2rtzIQRKTc3NyoiIsIhy7IofPbeCxFL//m4O0EYOQvfeHVo7KqP16Oa6hjnDfdMPzpwdFEzQZgzZeTiD1/UymXNWKlmX/us9On/rPImr/xfc252NwRwgnRlBNwI0vfgjsyIxX9fhctPmNnHjsnXvVB65W2vNC9bWoOJ/VKLH73xuvmbRb/TZpDBo2prb5w95buTlT94mm4bXVM+XEviEvs67n38qrIG17aOzMLnDHQ3K5Y2e/35T8Oil//juw4H/aSZq0jONc+aPn5zpTd5PS1lXXl48BnEjSCefljK4JHf2nN/eV3Gk0+2mFU9B4unP5ZzXM4x+z1PZWVNm1bi6ZqyaXbeKMuWwiJn9jU/1c249cYpU6ac7uhQsT2CrPv00wHxn7+9XjxRklh/7a+uOj708u/OmUG+eP/liOWf/d5+3a8+t2dd88eYj/60yqu81951b2vey12RKJwgbnsQ5ocV+83Cry2L/zZG88OSzDIdMDzv0lU/ft3WHsRbfyy2hBvw1Qd3mXZsfrfhzofftqWmWd0P/NoafG0RpGl516PbR/MKTTs2DZYnXX1HSfYNbJOuHVSymc3052f/Lv1QdLPj5vverJt83VuxH8xd6U3e0xOm/aE10zMnSFdEwK3PBQUF0aji5IPR/3zzedPOf0vaVyaTTY1LeOCyAZM+QQsXtpyS01mzhO0H198DtVV/bvbHksdk2ht+9eh9JDou33NvwQZ67J8e/Qga6qbb7n7sV6ct8cvbW7o1i9UeQdasWRMXvW7Rp5b892c4x+e+XHr9vS8211n07rsJkUveKUBnKkc03PHIg/XDLl0cW7DkQ2/y1g6+5ENuxWrUAJ9B3AjCNscZGRmDTOVlb8e8a80Vjh7U7ptrCSMbFaU1gNBpoLQHcrkmASWJzV8rA4aSut88vVxO6vPAhg0bjnnuP7bMebg3Wv91EUkZCg33PDW9oKDgYFvuJe6/U+0RhJ2DxJ0oeSD6H/NeAlU5SFJzpox9/+MyzdN45rirhf07F8kTplY03PnQtQ2yvC/66MH7vMlLBeFHfg7CCdLqfMksTYmJiWNNNZXzLJ+/9wvpP4UiW261mTAGeUKuq+GW325SomKejouL+4/nwR8j3lXHfsoy/Xvt8oZr71qtTrvpnszMzGpvJuz2CMJO0gkhoyM2r/tH1N9fH45E0x4imf4HAF2M7fW/V5IuMtXf/9xnDUl9HjObzbXe5uXu+mc1w2eQVkbpihUrzBaL5RIAeFg8UZorFS5NlLZvEnDFSaSRRRCBJPWm8iXjVDl7ZqXap/9qQsj8ioqKPa0tm7Zs2WKCuY8+JR7cPafu7sfn4DEZ77VnOvZ2BmH52LIQCLnFtOP7ZyI//9/u4qnjkVQQVOdl6TbHrPv2qEm9HgOALWxG8CWvN+TtCnk4QdrQMvt1lmW5myRJoymlN2CMx1NKkxBCArPmUkpPU0r/gxBaLAjC9pMnT1a1ZbJlswBC6HrmmgIALwDANm+XME1lZ1JKnwCABbIsv+fpzVtcXByvqurVlNK7mJ8Yix8BAD9SSt9zOBzbmvcT2mGol3m7wuD3po+cIB2gxJZcSUlJkaqqmiVJatmT2O12FWPsrK6utne02WYDc9myZZbo6OjImJiYGs8lWHsisLKbNm2KsNlsMVFRUfb09PS68+6DNOVRFIVFgBRVVaWiKDoVRbF5ErG5Pm/yejOAjJ6HE8ToGub904UAJ4gu+HhhoyPACWJ0DfP+6UKAE0QXfLyw0RHgBDG6hnn/dCHACaILPl7Y6Ahwghhdw7x/uhDgBNEFHy9sdAQ4QYyuYd4/XQhwguiCjxc2OgKcIEbXMO+fLgQ4QXTBxwsbHQFOEKNrmPdPFwKcILrg44WNjgAniNE1zPunCwFOEF3w8cJGR4ATxOga5v3ThQAniC74eGGjI8AJYnQN8/7pQoATRBd8vLDREeAEMbqGef90IcAJogs+XtjoCHCCGF3DvH+6EOAE0QUfL2x0BDhBjK5h3j9dCHCC6IKPFzY6ApwgRtcw758uBDhBdMHHCxsdAU4Qo2uY908XApwguuDjhY2OACeI0TXM+6cLAU4QXfDxwkZHgBPE6Brm/dOFACeILvh4YaMjwAlidA3z/ulCgBNEF3y8sNER4AQxuoZ5/3QhwAmiCz5e2OgIcIIYXcO8f7oQ4ATRBR8vbHQEOEGMrmHeP10IcILogo8XNjoCnCBG1zDvny4EOEF0wccLGx0BThCja5j3TxcCnCC64OOFjY4AJ4jRNcz7pwsBThBd8PHCRkeAE8ToGub904UAJ4gu+HhhoyPACWJ0DfP+6UKAE0QXfLyw0RHgBDG6hnn/dCHACaILPl7Y6Ahwghhdw7x/uhDgBNEFHy9sdAQ4QYyuYd4/XQhwguiCjxc2OgL/D3T1huqI+bU+AAAAAElFTkSuQmCC','asdf',6,'2022-04-08 13:07:04.763272',0,'Diagnóstico Financeiro - Prévia'),(5,NULL,'dionlan.alves@gmail.com',_binary 'data:image/png;base64,iVBORw0KGgoAAAANSUhEUgAAAMgAAADOCAYAAAB7AU2DAAAAAXNSR0IArs4c6QAAIABJREFUeF7tXQl4VEW2PlX39u109hDCIkIg7ItEhWHJRgIBBcWduI8z6jx0xucy7uhoq6PiiDhPR5/PcUZnxgWDgMouYCIJIDOgLLLJlrAFyEbSSbr79r1V76ubhabJ0p3bGzdV3+cX6a7l1H/q76o6deoUAp4CggClgN7fOkaslyXRRapEQiWRUlGkkQ5RsCOTC2OTgJBJATAJimISMdn/ZMY+GxPmmuL0GLFOHSyoyEVEcKkqcplMyKWq2CUQUEwxVKlDVDFjoiRIsvL+mK0KIKAB6UgXrxR18f77pfvWgmzRYiqzKKIpkjhxJBWUSKBChC+Vqyb7/hcmHKhlZW5fMT5WFkyDfSlPKHVgJDQ4BWcD1IsNtbEme2FOoeJLHTzv+Qhwgvg4Kqy7RkoR9giLw+awCFiwdIYMrTUpWaQDT43dWsO+m7UmNw6IY5CPop2XvZk0oNjtIBE7VDvsC/N2yXrr7UrlOUE60DabHaTIk3GqQ4rFoitKJaI5EAOERAsHrZdtO8Pqvq4gO94kKwMD0Y4CxCmCWK8IjtpqIbKGzzLto8wJ0go+GimEmgRVcMVSRGJBFXAgBqt7nSaAQ09n7qxmn922LCPBZYKUQLdJVJWogGpNINSWW4RqTha+xGpzzLWQgjriKRZjAz04PesnAjlsTdtVpS2xVk3sBkgYEHQZkKsWK9IZTpazyHfpGaSZFIDsCQqYYoI9IN3bEyVXyZzxeyvZZ9evHZcoqlL/UMqjCGATZVTd1cnSpQnyfMHoiwWR9gzlQGxum1icpdaxP1ewf99akN1dkZXkcJBLVV2nFs/YfCwcZAmFDF2KILUF0B1UoLG5oP1SW3eNjMZVeGgogPdsU6TikTlZP5ZrS6wVmUkg0H7hIBdI4r6FOYV1TJYpi6ckqg4VFd5WqBG5K6QuQZDatZAIKiQRE0RhArbYXPi5Wbmvbhw5yKXiuFArm2B01Jq+47S2xFqd1kME3DfUMgFVaxZeuelAsxwZC6YMAUxiREzrBSyUr7thnfZDY+RkaILUrIJuSIIkAhDtrkSXDX5Ouha0U+tX1l+WpCAl5L/Wgokee2bCT6e0Jdba8T0V1XRxyAeeio4snFGkzWrpf0uPQTHSEHeZKEAdAal8U95qzbhgxGRIgpwpggTshCSCodWNN3VCZcJ0KGEK/b8tY0yn6uVhgEEKpYKJQo5bc3ad1JZYy3/RC0Rzn1DKA4oqJ/SU974/dquLyZH9WXZ/RUCJrcpEsA1UZ3nx7cWamdpIyVAEqS6AeOyCJCpC+2ZaF0BcDexEeaCdKj9fNKKfAEJSKBUrUOXEM1l7ypgMN6zK7C0gelEo5QEnLV94zYYjTIaR+bOkBKi4pCN5MFZrsYDLC68v1A48jZAMQRC6BuJqRUiiFLzeS5hkOBF1JWgD8vnvB8UKLotPvk/+Vr6K5LIXMvadYPVe8036RWaKevu7DV/qk1TX/k9mbNZ8wzIXZfamqug1YUWgNSKI5Wvz1mquMxdyuqAJQgtAtGPoLavQw1clCAicMTmwC6DRC/aVomFDQnkWggV88tm07ceZLLOWTuwDktDL1z75K7+igG3JVcXNhgyUvSB7pIKRzy42WFVP41647EI+ob9gCcI24IoEvQUAn7xm3QcRioDDcWmgbTBf/n5UT9WFQrYxVhV06oWcHdp5ww0rxl8sCKaQnc84Ha5jX1+7WTMYTMy/opsAcqdP9akCDiI6yjblbbogN/IXHEHoLpAcJ6G3E0F3vb+YLgK2pCaTr7ZZtztGAGBRb72dKY8JPf3spJ+OsrLXrs7qKwHxeVbsTLueZRQKSlJ3++7mzXnGgowhgPV7GRABVdSoiWW78hZeUN7EFxRB2EGfokBvLPjP4iQj2NcjB7SDsD9uGJ5MiKibeJ0ZqCqo5S9k7tY2xbPWpPcDgkJiNFBFUrF4ysZSJkd2fna0AshvB6kYVBkruOxCOmi8IAhCCyCiRobeYIJunRl87ZWhFCoSpoA2IKwFl8ZjUQ2Im3lHcmOsVDybvkeT44blacmCiENCVJckHvwyp9EKlbZocjJWqd/lwKBW4XpcVvjrQkdHuIT6+7AnyMnV0MNMoTeSIDBLHwq03Am7Bs8Ap7ZZ33jJMEWFqGArhiiuSmvOXu1s5rqVE/qbsNj6mUMABSOg1i+6YtNe1sT0t6ab63o4R1JMAzNGCChEdpZt/OVGzXsgXFNgOu+H3jILlVOFfg4MCX6ort0qRATHo3NAO6R7ef3w3iry3qTpL9kQQVV/mLTjsLbEWj1uAIDk99myI1lVik4svrJIM31n52f3UgAF/rBSEKrFbsqRcLV0hSVB6Eaw2GyQzHynOlKqP74XABzRObAbIaD/tWWM6eJ6+yjAgb8k5S47Aai2Zu48xD67cVlGCjYF/ofhnPZVlZQclX/aOnurCyig9EU5IxDpvIXQF72oCq0H0Vm6KW+T3ZdywcgbdgSpXAGxyATJ/tyIewMkkuFw3JWNJt+XNo8eQGUa1F9whOmZP6T/dFBbYq1IG2gScLw3cvsvD65aeMV6bQbTa9rtjExsA++Uo0o337FSO5wMlxRWBGFetwRBMiAIulxIgdq4abCfKSYUm3WikBprzi7Nc3bWqomDAAleewX4YzC5GsSDXza5iGR9kjWYmISg36pEBFFJQqXh5CUc9IHYljLrCqCXQiHwa952RtO5Xr4jRygIW/wx+LypAxGl9g+T9mgEvXHp+MFYMgVvgKrIvnBG0W7Wdmteu97I7888ItDjhXmF2p4w1CksCFK1BvphAUJi93dXgKRCeeRU0M4i/rhuSB8imYPm7kHAZbNm7tXcO65fnjFEFFv3RA7IgJHVkwtnbtLcXNLzc/shUEOuCwpy+Ya8RmfJUKaQEoRFH6z5FlIAQZDX261DblKBRLpgN5oBTnZf3RRxarSqiEHBSJRctjnjGwly89qMIUQNDkFUqtAqc8QOZkWavmK6ub6hfgQhwTVQtEUAQtCZjTd/eyiUUSODovzWAKD5INniICVYlipvf4XcTb4vbRg1kBIUFPIihOr+kLFjn7YHWZk+FDA655KXt/L7ms+lkjNfztioGQeCZtr1QUhRofXlYvmhXSEKeBc6gmwES50DUlQdzoY+4Ox1VmbyfWM97LFagczdMiZOtsu6Ixx607goQP2ctJ3aId2NqycOwyAExcQN2H5g4dStNWAFnD4kZzgSg2Pa9QYTlodicBDiOBQqE3DICKJ1fgtE1tkgRaXgsyu1twB3Jh8mUNIc2OHlDcNHBSqaortsSKQNf5j40x5tD7JmwnCRiJGdkd2XMizK4pIrNv7Eyoz7x5REyUJCGmrIU3aRUKctKubQ1plLG3zplz/zBpUg1ArSsVgQ+v4eWg6EThdAtKhCCsZg8mfH9NSFENTE5YBmcg3WZl00EfucCbs0S9KstZkjQKWBt6C5bc6z87MHKYCCalpuT0dIUVyCKBwqzGuMqMLSxPyJllqoVYO53AoaQSgAqpwHQxEGoVsUHEazoeVXofwriBHNkBIwf6tOsMUlwc9JGWBjm3UsVqZ2ogrfiiDV8VzGbnaBC25clT4SI9Tpey7eNlwuidvZ5jz9q/QY5Dw3IIO3dQQkHwGF1suHNtyzQQuswdKYpTMjI5x1A4hM1U23FbK9WlCeewgaQU79CQZi3GitEkzgVKqhpIe10c2cJXaCjkVIQSIIAQHdx0rdTb4vfTd8cKDDkQpYcT6Tvkdb7ly/Om2UCDigy06CXLWLpm3Wzl3CxbTLZCFAVVW2HHI/UZ+2elqUXC0PaLnV6HJVF99erLnlBDoFhSBVc6GfKp57zkEouDCBw0lPNobfYalqDcQhgBQkQMCDRXcELFWBnBFhz4AccARlsy6A/Fzazp1MrllrJl4CRAhslJWmzXn2h9kRJIIMJ0LoTbsYq0Qi0iH3u+zs4FKIEfoTOBcPUaanCu8oDHjEx4ATpO4d6GW3t35CThAoogkOJz4ILf43LDKJRCDFFQJ3E0/SuGQ4kdQU2OHl9aNGqwgFbJ8kmKjrmQk/7WAy3LgyczTGNGBtEeJyLZq+WWsr81+Zvak5+N7LnlgzNxPBTA65R0QZ//H4WJMYOQBw61cdiGg6uvGGbwLqLh9QgtT+BRKdDmjXMiIKoFInHO72FLREwGD3zakEnb4H3dHs4O33AgF79BTYixCQ14qHXuSkUgAjjRDlucxd27Ul1qqMVBEF6P4LW+IiWrZg2oYTVqsVrxtRNIwCCbxBoAPQVXAcdr+3npufG9cAygAMqN0lt2c5b3Xrbb6AEaTyLYgVVBjkUjt2PBQREMBwOOERaImnpDku4vbJ5W0n9eRrNvnm01nC3uK9l+qpq72yAibqM+m7tmlLrG/SLgWKA7cXq+m9bWHeQpXF2nUqoTftmu24ZN1dZ8OYZi/JjicqGeDNiT6beYjFuX/DtWc39P7UUUAIcnQ+WKIABqnE+7vjJgGojUJJ3983upyzxO6gEwohjXLubvJ96fvhg6krQG+HCCp5Lm33j9oSa8XEy3CA9gTum/NwMO2KCi11v6Oe8UlGAhKkAb7cZGTnJWCHA4G4wut3glAriJXRMIhC5y47OWUouXhOY/R1lmzrIUlVIKSxc1UH7E+cAbVz16TEyRFRATlZF6hCn8na8wPr8w2rJlwuoAD5gDVtzrX1vRQZ0mB5CJQjRXmNsX9Z0nMPhcUJNu2mBwut/n241O8EOfMmpLhUfbfhzAClsY9BS4h92wbooTohZNHO3QM7zC0amSoHKDTQc5k7t2pLrNUZY/y5TGiui4X0WXJlsbbPSftkcjI2+T8gg7dye26w/bLcE4Tq4hvX+tX861eCnHwdegjIPwM5QoIjMQ9Cy6/L6eXQS7KE5r6IiECNAtiLcsDxfPHQi4RObNbZDAECyISaXGACWWkAF5JANhO2aENy/T7VZW1yyJuVP1KKiOtjqnI1SJKJmJCqSoJgNgFRJQVTE6JE6swM40S07OtpG04w0y5EwTClgw2wt4Pd13ye9z0y8zOTKIh+WSUQh/OoPwNB+I0g9EOIOF0FQzH1n/UlgsLRmMehxYxXvwp6uyTwOkasr4prL79JhBNRWVCWnz9L2Nu74806UaA+MoqcQWbB5j74/SVTM4kcihxDRGe8V86NTZtzX2Pt+ktmVg9yKieK7mwMDKHNZP9M64EjzP5bHRBQRDvd56/9iN8IcuZ1GOBCAYhbReB4jycaI46wVP8NXOQSIYDm1taHAzP5rqyCfXl5oLZ2ss5mCIzEM1Ry1cjj9lZbmWUuiMlKAW9fNy4BgxRHFSXec4Zp3pzPyp8lnISqoaEw7VJVLNtw6xotQDdL4z+d0tMkEr+He2Vxt9bnNd6v15v8QpAT86C7CQJobRLgRNIjjZHYWWpYB31kBEG77dfcLkZQGpsDFS3R4AnIKkHV9TJUz7tiR71eZfiz/LTVo6OiVUuCQHECiILUHK09+9Ps7oqIgm4ZlACd/DbvW+3WIkuBvnviaR3rLLa6CcI8dKtjYagvJt1OCatCWdKT0PLr01AAF8sUghrg+ZzADhRwsGeJTuHGglC4yRqKgAyiQE8V3njWLSQYSzwWJaUSeu7TGwtYN0Gq50GyAvoDSXujfIThZPffQ8uvUDDvsrO3DYkDyuOvhgv6FSV2zgDs/r8fAlJ7ozPPu+XpX029CDmVoCyRWcDsjTd+q4Vz7WzSRZCa+dBNJsF1CcESnEp8EFqc1KrXQTLyQ6T3tgAUVGigIpSzpVVnQQ7HcmypRTBJIlgI2MUs4kIVG28/O0CzP86+WJFQUGd9va4onSYIOxCsioWhJEjR99wHmaBAebenGqOPsFRdAP0RBb/GsmUP7CAVyucVQzm7fhuOg1y3TFbAU4ZMSVKxmtSZB3Laa19UaWXhrYVarGGWsj7L6ksEIehPOrD3SUy96b7OhjbtNEEq34C+hPr+spNupTZVIAJUJDzWGJWdpTPfwQBQ9VvRqAKqBHB6z2EoHzsbtAcsjZ7G/N8YU0RstyQquHp05BzoDRaeVqRQ3zdhL12tv3W99vaKr6lTBKmaC3GqCAFxufClA6IAlQmPNL5Wy5JjLaToCXYtCXD6FIFydgfEFzmMkrfpbkiSrl96j9PsyYsmJ8sBeELBV8wjQDjQmTcTO0WQmvkwSCbeP5jpa2d8yW+iUBX/OLTYvGtWwSAq+SabFrw6Eo6iCWfvpfgig9Hyjl8xPVZscPT1NXg1e7yzMK9Qu8vPUlZ+1gACQlBjHLelC0/ZvNWZzwSpfhPiFRVC8shMW50yCVAd/whoPjjUCrg2DQZ2+BR0U2URFM4cdcKx5vdBvAXO6PlYELkap/Ni7KJexQXDLrV2/f71B6Fpv5axKDcFVDXgT1f4ogfRRA/6+kS1zwQ5/ScYjHAH75D7IrWf8lIMNUm1cAhZgdB8EGzdYCDB7UcnVB1wKnHGWYuYn0QxVDVeWZ4ItvXG3Q6yOyYsvlbasMkDMPaOWMEEi73jvv6m9do9fG+TTwQ58yokuEyQ4m3lwc5HCdQm9YdDKA9U9gCPjcJAAnBehEJ231wQ4ajRTLeBwjt7aXZ3UkeYFeq8WAGam3kSPcisRMyN5ZTrVEooIsN73XeX61Dx7cVen2X5RJDyN2AI0ODEjPW6w54ZEdi627SZRKFbwGSzwUBCz95NYecasguOs/sdnW6jCxZk90fMormP+7mJiGm9rdJ2kD26k12QLSqnlJRgHUB2WgUE24pvWdf8BnyH1XhNkFAcCnYofds7srruFjiEZoOLPRtdVQaDBAwWIFBdLsNxvt/oHLJsX2Kzu/qwvQUCxd4Leh1YmLdQ1szECbEpqJXZunMtBbaUCtLhTXmrvXq33WuClP8ZhoJy/nIlsF3pfO1mgPqYftpySz5cABE9CSRGTjnrptL5mnnJyfmT+5B6Uslcymflz5LKcXmKQlBwYgn7AX62LNyQV6AFCu8oeUUQb6KTdNRQKL7HAPbaOjg0wNo1zzUCjTk7N1Gj1BQKYsijovjaV7OIS7x5ycorglTMg2GdvWPuq+D+zu/p4Ojv+rtyfWwmkYEG/dqBPzBn+6fCmwq1aPrtpQ4JUjsPujsDedejIwl1fO9+PqKjGl60HQTSFkweGI4mXW+U5s2dkY4JwoK/OSEx7K1XHoggARqqBTg0+EFwegMWz9M5BNjGva6ubuAFt8wi2GaWoLKjZVaHBGmGrfw1iFEIJIom/3rNdk4t7ZeiCIhggoPuIU0D0Q6vsxGBMfm5cVGqnBIO8X070gnzMnZFuiq9DTTnNUGaG2Y3CCviIFFQIFFF4fXwTbOMnmGDOgKNf68fAb8HX9AvUksN7HahqporY8vFypUPrvRpRdEmQX4YBEmCCx5HGJaNPgzrW5EX1cyHBJlC93BafmEVTiU+yd1H/Di+vK4qVHc+2hJQO+VXaGXhbYUsEOF574lk52dHY8BxZDc51VbAuTYJsj0ZfgsI3mlqfAUALKMKfH3psfPPEk6/A9EmOyQiARK9icXrNeI+ZjRJcCb+QdAepOQpNAiEOpwpi9WLsFLtlJ2Vm+/YfJ63RLY1WxRGC3F2mcY3Gxfa26y3SZAd/aGAAmS7w0wBSgHBMqCw9NISWO2pgv1vgbm3AxKcIiQG+6YhxuCoEuEA35SHhhjNrWpewLX2wRijgD4A5NlLFp/XiXF1fLS5YuWM85dR7BEepUaJdyo03vOhUs0T+fbWnRhbJYi2vFLOBmxrA/ICRGGZDPDZ2NKzIXlYXvb+ee2bkOBUIDFYnr9Ygv18Ux5acjS3zjbtFlCDcqGuZRl1a2Gl53vqzHmySqyKd58t2kJI3E23t7bMapUgHsurjlA/jQCWEQrLLi2FJZ6ZmfVLMEMCUiFRoYF5OQojOJ34KHTqSmVHnePfdw6BQO5HEFEowqjaKUdVuj/V1izptH9Oi7JFKPEmULp5vkzVVm/a8s9qlSA7+sNqCjCtE9BsZssvjOGDSw7DqXOWZ2+BudwBCYKfl1+UgFrfAHu5O0kntBXAItpSq84+3B933JvFJIQ6KcbV5iY/MHfxfZktWu12G4GvzyOIl8ur9qGlUAcIlhKAzy8rga/cM1utgO+VICEmAhL8cm3XDGVJ/302oFwAdc6r9hGB9M/SL0KCH17lItiGsFxdtLuosvnGoudsIRDava2n2rwVu7Vl1nkE2d4f7geAd72t1It8O9jGXhXgz5cfOButnZVrXn4pKiSiTiy/2Gu5hyJgX1eJPuIF1mGVhd0RgVMwrDMhhdiDntiFq0VBrPYMtsBmi1J7Vbxkdib68/5Ja8us8wiyrT8sQQDXBQBplZmKAcHfUg/DUvf6D1shIjoOErAKCQTAa89QiwjHoh8+dykXALl5lToQSFs8rQdWXF5Hb6cYHOASq4lQV70pb5PdvWm2t5CxnKCKuIcvL1B5K35rQa/PIUjT8oqF0QlYtD0mLKVwAGHIl2SYP/z42dekWMAFW3dIoHLHyy/ma/WXGthn2KBu3mo13PNRQFmfZw3rKIIjuy9OCT0zZdaUSiuytgTqY7PFMaiNM2Nnj0DfOcGqSvA+vNPdmnUOQbb3h7sA4KNgYo4AvlEpvHVZKSx3b5c9AoplYHFkExQVznvQkruTBFNL+tpq6/UobUBC68uoMUtnRppr65OC/QqW5zLLkyCfAMBt+uDodOnjlMKHmML80UfOBohmD/NUnPFYfiGwJT0KXt8r7rREvKDfEMj6ImswIUKstoJQwAFIriYCOWcZZaVWvG7hukSCxR6+xuTyl6Cey6xzCLIjGfZTFPqIiUBhLQKYP7oUVjZ3PH8WCBnjIUEkkGBXoSL56Qs7yrq/FHqh1KM97dxAkjDC1UliUrUWIqgpsb2FI8LRIxyCzLET+cJbCn9qlq2FID8MgGSBng3jGSbAVyGAv0RhmD/wENSEiUxcDD8gYLVacdFlRUlyvdyTiqLJD1X6rYqYkxE/NXv9thBkWz+4GuFzrUt+a9EPFVGAbwBgfms+YH6onlcRJARY+CCLZOmhAIoLUpM+N+MegfEsQfrDUwjgVZ9rC3YBO0SnnoKweu4s2BBcsO1ZAWeMyLks3OVHgnKi6MbGh0ZbCLK9P3wKALeGufAlqSXBfbAnzPG44MRL/yJnZKg24N6CRQg6s/GWb7VrE+4EYXGChnhbSUjyUXg9tRSeCEnbvFG/IBCM9wn1Cuq+UdcI4hf/K71SeVFewDBu1CH4jxdZeZYwRWBi/kSLABEjwlS8FrHs1bU7WEhVjSDbk2EyIFgX5kLLqSXheQc+zHELO/Gyvsi6jJDzA2GHk6Cu6Ij9m2esrNUIsi0ZHkUI5oWTgOfJgmBR6mG4Kaxl5MJ5hUC4vDrVnrAi0OOFeYUnG2eQC2CDTgB+fVlJcN1gvNI2z+QzAuzQUHGhsHqE6bxOuITq4tvXHmomSPhv0Ll51+eBGLYFLgBzL7uctfGWwp/QljFgMlWCHLZgNgq2KbUE0sJcRi6eDwhkLJgyBDCJ8aFI0LMWzyr4Ae1Oht4uFPY38uakllwAh5hBV+GF22B2fnYvBVCfcO5BNZzeiXYOgNGEwvZwFlSlkHZ5KWwKZxm5bL4hwBwUGyJcw3wrFdzcdkv0HnRBmHhF6Jt6gEdLDO7wCGxr7FUqS0Ls6MC2oq92ZupF2/rDzQhggb6qAlqan38EFN7QVZ65IPNyikWf40MHS2KzHZegHcnwO4rgL8FqtBPtHE4tCd+XdTvRH16kCYG0Bdmjgh2B0RfwzQo+hrb3h+cBwOpLwSDnLUotgawgt8mbCwIC7rcMg9Ccz02IMj3FlljvIYDZPpcOXoHPUktCdg04eL3sgi2lLZqcjFXaPVy7zt4SYTPIlwBwbbgKCRTmpZbC42ErHxes0wiEu2cvC2rNCPI9AIzvdC8DX/Dh1BL4n8A3w1sINgLZS7O7K3aUHOx2vW0PE7WBEaQUAPp5Wyjo+SjclFoKi4LeLm8w4Ajk5ufGOYIUBb4znWEvUzGCsCeppM5UEKQyE1JLYHOQ2uLNBBEBFvvKYq8bHsQmfWpKe4xnez+YAhhMgMBESeNfTEFkfz0/o02fkaZ87HvUnJeAqfl77TMAFqmi8b/mfE3/pm5/EZybl313zmcu6Jt6nB8S+qTZCyRz82GhNhCpQhUBU8z+n2CKRBfFBFMXQRSLmCLi0v6yf7PvcdP3Mvt/E6ZYlSlWMZUlTJGKqcD+LbHPMXWqAsWSgwqqoD3DZlcEKih2KkSwv4L2t0ERqeCqp2KkSEWXSG3RJiq6amnYHtJcIDrmYhocAU4QgyuYd08fApwg+vDjpQ2OACeIwRXMu6cPAU4Qffjx0gZHgBPE4Arm3dOHACeIPvx4aYMjwAlicAXz7ulDgBNEH368tMER4AQxuIJ59/QhwAmiDz9e2uAIcIIYXMG8e/oQ4ATRhx8vbXAEOEEMrmDePX0IcILow4+XNjgCnCAGVzDvnj4EOEH04cdLGxwBThCDK5h3Tx8CnCD68OOlDY4AJ4jBFcy7pw8BThB9+PHSBkeAE6QDBW+beHEfOFM1G8nyTUCUQUBZpBZkp6KwB5kj/1YF5n/m7CqvM/g46bLd4wRpQ/XUasXbFs6/D9vrXgNCotsaIVQQy1Bs3J2jf6j4FiGkhZXhyTgIcIK0oktGjh++fPspU03VS5RSzLJQyQyuS9MIiY0n4unjWNz1AwZVaSwtiA1KXPdfX761bCEniXHIwXrCCeKhT0op+iE3NUM4tm8Vcjoj2dfOCVNU+x0PHafRsdsA4AyltDeuOHVJ9F9f7iH+vFMjEImNLyX9h+eO+XrTAWMNka7dG04QD/3n5+dLg9559mOh9OdZ7Ct55Fi1YfYzX5KY+LkAUCKKoup0OiVRFEfgsiMvRr/9XLpwokTD0TX4kpdsc956MScnp2lq6dqDywi95wTx0OIPj96TjDau2YDLjmgvsNbf9cj0yKJfAAANtklEQVQO1+Tr7oiKito7duxYV3P2goKCCELIuJhFf/3MvGLBRexztd/AHVVX5k3OnfNqpREGB+8DX2KdMwasViueolb/InrFgm9x5alIarbQhtse+LMza8ZzOTk551mqVq1a1S22aMXfoz55S3tfRUkZftJx3W0Zaf/97CG+FzEGvfgM4qbH/Px84eIDP2ZELvloFSoviwCMwXHlLdbKq++YO2PGDBYF/5y0dOnSyB7L/zU/YlW+9kKXMnhUee0Vt2VlP/r0Pk4QThBjIOBBkJ6qfXTUZ+98a9rx73htXzFyzBK4z3rH2JkzGzw7vGbu3Lhuq/+xSjy8Z4K2XxmXc6T2rseyJs+YcYQTxBjDg88gbnpkFqw1a9b0jlm/fHHkp2+PB0KARkbVK30HzRyzaluh+6DXrF05w+8Sjh38ACkugZokaLj7seW1l2X98sorr6wyxvDgveAE8RgDq1evjjIr8j2Rn70711y80sK+pibpDI2KfaIuOvKLzOIj1UUZ/RKia233o4a6Z5Hi0vI4cq6pc+bdf78aEfFFTk6Ogw8tYyDACeKhR7ZRz8zM7CvKzhfMKz7Ni1i90ILk87YfLaWoJQrs191V58i+9hMXQi9OnTq1rKPlFZt9doyIfYzK9ltRz+QrUzcePN3ecPr3L/r3kqqOLUeSZcHo3bXzPOtnB5s7Fr+dDfU1r4OqpAIgmZrNi5XohDljt5Ydca/bl7zGGOL6esEJ0gp+bLMeb7GkRO778Y8R65Zcb9rzI3spq9XknDDF7sye+aFj4MjXqqurj+fl5akdqaRgnrV77Ff/WkeTLrLU3Pv09KJ///uw1WolrZXb+Mgsi6W4+ANcXnabM33akupfPnrnFVdcUd+cl5Ft+7heeaiy4h9qn2S7Y/L1dbj6tGD55osECnDE1T1p+i+KjxzSZkIf8nbUh67yPSdIK5rekj2ku3jy2HvI0XBj89ckPhFcI8eq1BJJhYoyLO7biZG9cZxShFQUGT3fFRFjHbv1xHmb+XN+wSlF39990zjL1oK19ul5m+qn3nRrbm5uq+cmq6eNjupZXjYXnan4HVCKnJNmrpJ/82ReRkaGrbnOzTPGDTEf/XmtclG/+LoHXtxKomLXIIS6mQ7sujr6zSdTaGzi5+qvn7l77OzZLl/ydhUCdNRPThAPhDZfPy5R2r9nEa6zTdIGf3QsrbvjoQZlXE4pRWg3OzsEgJ7IJQ81f/tlb8viv0c0L8FoXLe//az0/m3erl1yW8AXFBSIUe/98XfS3h9eq/vVEy9XDxr1xsxWLGT/GdtzlMlW+zckO36hDhzhEg7skjwJwuqKefOph0w7//N6wy8f+lGefN299fX1By0Wi0SdDZNjP3jtPeHnncg5eNQk+wMv7vY274RFRTs6Gjhd5XtOEDdNs/3H1YUfP2EqPfQKUIJIdBzYHn65hAwaNR8htMzlctUKgsCWUOyR0u6U0tvMW4vvi/rry0mMJFQUFbX/sJsvX7NzSVv7kI0bN1rML9yfD0DT7Xc9fnPEkOGF7if0TJyiqzISYo7tXgn1trH2vNlnaEJSbdQ7zw/wJAg7h+n97nOLxSP7c+vvfOQNefzkl9iBZrM1Lm7Jh8si1nyR6px4xX0Vt/728x5vP5PvTd76ux/9kLvLNA4MThA3gqx95enEbis/XyccPZTKPnZOuf5M/a2/+41C6Zrc3Nxa90HPyDRp0qRu2Nlwc+RHb/5J+n6t5tio9Bv8jfOBl69Ly8uzt/Yry1xZYMM3G1wjxtQ03PnQVd99990R9/0HG9zF818dbN62frFzWp6o9k353LJiwUUR+e/d60mQtX/5S2L80r8WC5WnU+rv+v2vT/RM/iIvL0+bvYqLi2OEpZ+8F/n5/94mp019p3rKLa90y39rnTd5y+945NHWDka7yqzh3k9OkCY0tIH54J2jYzasLkJV5THsFL3+7ieWK1kzfp2ZmVnR2ozAyqxfv/5iac2iBZEfv5WmESR5yNHa7CvScl54+5jngGKkmlGy5Sppy/p8e979X9RNzH1g6tSpNZ57lMLCwp4A8CuE0GZK6Z6IxX9/LHLpvx49b4n16lP949Z8uQFsNd2cebNnHk0eUdBsJGAzFc5//xXLlx89zDb3jvHTno3+8oM13uT1NAR0RWI095kTpAkJZrnq8/PWdMtX/1wtlJdFkKhY2nDz7OdQ7vVvpKWltTobsKLs3CR2zcLXI7/44H72b5LYs9459YZJ41999wdPUjFP4f6fv/2yeOTg7+y/eeohefAl/2rtzIQRKTc3NyoiIsIhy7IofPbeCxFL//m4O0EYOQvfeHVo7KqP16Oa6hjnDfdMPzpwdFEzQZgzZeTiD1/UymXNWKlmX/us9On/rPImr/xfc252NwRwgnRlBNwI0vfgjsyIxX9fhctPmNnHjsnXvVB65W2vNC9bWoOJ/VKLH73xuvmbRb/TZpDBo2prb5w95buTlT94mm4bXVM+XEviEvs67n38qrIG17aOzMLnDHQ3K5Y2e/35T8Oil//juw4H/aSZq0jONc+aPn5zpTd5PS1lXXl48BnEjSCefljK4JHf2nN/eV3Gk0+2mFU9B4unP5ZzXM4x+z1PZWVNm1bi6ZqyaXbeKMuWwiJn9jU/1c249cYpU6ac7uhQsT2CrPv00wHxn7+9XjxRklh/7a+uOj708u/OmUG+eP/liOWf/d5+3a8+t2dd88eYj/60yqu81951b2vey12RKJwgbnsQ5ocV+83Cry2L/zZG88OSzDIdMDzv0lU/ft3WHsRbfyy2hBvw1Qd3mXZsfrfhzofftqWmWd0P/NoafG0RpGl516PbR/MKTTs2DZYnXX1HSfYNbJOuHVSymc3052f/Lv1QdLPj5vverJt83VuxH8xd6U3e0xOm/aE10zMnSFdEwK3PBQUF0aji5IPR/3zzedPOf0vaVyaTTY1LeOCyAZM+QQsXtpyS01mzhO0H198DtVV/bvbHksdk2ht+9eh9JDou33NvwQZ67J8e/Qga6qbb7n7sV6ct8cvbW7o1i9UeQdasWRMXvW7Rp5b892c4x+e+XHr9vS8211n07rsJkUveKUBnKkc03PHIg/XDLl0cW7DkQ2/y1g6+5ENuxWrUAJ9B3AjCNscZGRmDTOVlb8e8a80Vjh7U7ptrCSMbFaU1gNBpoLQHcrkmASWJzV8rA4aSut88vVxO6vPAhg0bjnnuP7bMebg3Wv91EUkZCg33PDW9oKDgYFvuJe6/U+0RhJ2DxJ0oeSD6H/NeAlU5SFJzpox9/+MyzdN45rirhf07F8kTplY03PnQtQ2yvC/66MH7vMlLBeFHfg7CCdLqfMksTYmJiWNNNZXzLJ+/9wvpP4UiW261mTAGeUKuq+GW325SomKejouL+4/nwR8j3lXHfsoy/Xvt8oZr71qtTrvpnszMzGpvJuz2CMJO0gkhoyM2r/tH1N9fH45E0x4imf4HAF2M7fW/V5IuMtXf/9xnDUl9HjObzbXe5uXu+mc1w2eQVkbpihUrzBaL5RIAeFg8UZorFS5NlLZvEnDFSaSRRRCBJPWm8iXjVDl7ZqXap/9qQsj8ioqKPa0tm7Zs2WKCuY8+JR7cPafu7sfn4DEZ77VnOvZ2BmH52LIQCLnFtOP7ZyI//9/u4qnjkVQQVOdl6TbHrPv2qEm9HgOALWxG8CWvN+TtCnk4QdrQMvt1lmW5myRJoymlN2CMx1NKkxBCArPmUkpPU0r/gxBaLAjC9pMnT1a1ZbJlswBC6HrmmgIALwDANm+XME1lZ1JKnwCABbIsv+fpzVtcXByvqurVlNK7mJ8Yix8BAD9SSt9zOBzbmvcT2mGol3m7wuD3po+cIB2gxJZcSUlJkaqqmiVJatmT2O12FWPsrK6utne02WYDc9myZZbo6OjImJiYGs8lWHsisLKbNm2KsNlsMVFRUfb09PS68+6DNOVRFIVFgBRVVaWiKDoVRbF5ErG5Pm/yejOAjJ6HE8ToGub904UAJ4gu+HhhoyPACWJ0DfP+6UKAE0QXfLyw0RHgBDG6hnn/dCHACaILPl7Y6Ahwghhdw7x/uhDgBNEFHy9sdAQ4QYyuYd4/XQhwguiCjxc2OgKcIEbXMO+fLgQ4QXTBxwsbHQFOEKNrmPdPFwKcILrg44WNjgAniNE1zPunCwFOEF3w8cJGR4ATxOga5v3ThQAniC74eGGjI8AJYnQN8/7pQoATRBd8vLDREeAEMbqGef90IcAJogs+XtjoCHCCGF3DvH+6EOAE0QUfL2x0BDhBjK5h3j9dCHCC6IKPFzY6ApwgRtcw758uBDhBdMHHCxsdAU4Qo2uY908XApwguuDjhY2OACeI0TXM+6cLAU4QXfDxwkZHgBPE6Brm/dOFACeILvh4YaMjwAlidA3z/ulCgBNEF3y8sNER4AQxuoZ5/3QhwAmiCz5e2OgIcIIYXcO8f7oQ4ATRBR8vbHQEOEGMrmHeP10IcILogo8XNjoCnCBG1zDvny4EOEF0wccLGx0BThCja5j3TxcCnCC64OOFjY4AJ4jRNcz7pwsBThBd8PHCRkeAE8ToGub904UAJ4gu+HhhoyPACWJ0DfP+6UKAE0QXfLyw0RHgBDG6hnn/dCHACaILPl7Y6Ahwghhdw7x/uhDgBNEFHy9sdAQ4QYyuYd4/XQhwguiCjxc2OgL/D3T1huqI+bU+AAAAAElFTkSuQmCC','asdf',6,'2022-04-08 13:12:09.302006',0,'Diagnóstico Financeiro - Prévia'),(6,'chatbotmcf@gmail.com','dionlan.alves@gmail.com',_binary 'data:image/png;base64,iVBORw0KGgoAAAANSUhEUgAAAMgAAADOCAYAAAB7AU2DAAAAAXNSR0IArs4c6QAAIABJREFUeF7tXQl4VEW2PlX39u109hDCIkIg7ItEhWHJRgIBBcWduI8z6jx0xucy7uhoq6PiiDhPR5/PcUZnxgWDgMouYCIJIDOgLLLJlrAFyEbSSbr79r1V76ubhabJ0p3bGzdV3+cX6a7l1H/q76o6deoUAp4CggClgN7fOkaslyXRRapEQiWRUlGkkQ5RsCOTC2OTgJBJATAJimISMdn/ZMY+GxPmmuL0GLFOHSyoyEVEcKkqcplMyKWq2CUQUEwxVKlDVDFjoiRIsvL+mK0KIKAB6UgXrxR18f77pfvWgmzRYiqzKKIpkjhxJBWUSKBChC+Vqyb7/hcmHKhlZW5fMT5WFkyDfSlPKHVgJDQ4BWcD1IsNtbEme2FOoeJLHTzv+Qhwgvg4Kqy7RkoR9giLw+awCFiwdIYMrTUpWaQDT43dWsO+m7UmNw6IY5CPop2XvZk0oNjtIBE7VDvsC/N2yXrr7UrlOUE60DabHaTIk3GqQ4rFoitKJaI5EAOERAsHrZdtO8Pqvq4gO94kKwMD0Y4CxCmCWK8IjtpqIbKGzzLto8wJ0go+GimEmgRVcMVSRGJBFXAgBqt7nSaAQ09n7qxmn922LCPBZYKUQLdJVJWogGpNINSWW4RqTha+xGpzzLWQgjriKRZjAz04PesnAjlsTdtVpS2xVk3sBkgYEHQZkKsWK9IZTpazyHfpGaSZFIDsCQqYYoI9IN3bEyVXyZzxeyvZZ9evHZcoqlL/UMqjCGATZVTd1cnSpQnyfMHoiwWR9gzlQGxum1icpdaxP1ewf99akN1dkZXkcJBLVV2nFs/YfCwcZAmFDF2KILUF0B1UoLG5oP1SW3eNjMZVeGgogPdsU6TikTlZP5ZrS6wVmUkg0H7hIBdI4r6FOYV1TJYpi6ckqg4VFd5WqBG5K6QuQZDatZAIKiQRE0RhArbYXPi5Wbmvbhw5yKXiuFArm2B01Jq+47S2xFqd1kME3DfUMgFVaxZeuelAsxwZC6YMAUxiREzrBSyUr7thnfZDY+RkaILUrIJuSIIkAhDtrkSXDX5Ouha0U+tX1l+WpCAl5L/Wgokee2bCT6e0Jdba8T0V1XRxyAeeio4snFGkzWrpf0uPQTHSEHeZKEAdAal8U95qzbhgxGRIgpwpggTshCSCodWNN3VCZcJ0KGEK/b8tY0yn6uVhgEEKpYKJQo5bc3ad1JZYy3/RC0Rzn1DKA4oqJ/SU974/dquLyZH9WXZ/RUCJrcpEsA1UZ3nx7cWamdpIyVAEqS6AeOyCJCpC+2ZaF0BcDexEeaCdKj9fNKKfAEJSKBUrUOXEM1l7ypgMN6zK7C0gelEo5QEnLV94zYYjTIaR+bOkBKi4pCN5MFZrsYDLC68v1A48jZAMQRC6BuJqRUiiFLzeS5hkOBF1JWgD8vnvB8UKLotPvk/+Vr6K5LIXMvadYPVe8036RWaKevu7DV/qk1TX/k9mbNZ8wzIXZfamqug1YUWgNSKI5Wvz1mquMxdyuqAJQgtAtGPoLavQw1clCAicMTmwC6DRC/aVomFDQnkWggV88tm07ceZLLOWTuwDktDL1z75K7+igG3JVcXNhgyUvSB7pIKRzy42WFVP41647EI+ob9gCcI24IoEvQUAn7xm3QcRioDDcWmgbTBf/n5UT9WFQrYxVhV06oWcHdp5ww0rxl8sCKaQnc84Ha5jX1+7WTMYTMy/opsAcqdP9akCDiI6yjblbbogN/IXHEHoLpAcJ6G3E0F3vb+YLgK2pCaTr7ZZtztGAGBRb72dKY8JPf3spJ+OsrLXrs7qKwHxeVbsTLueZRQKSlJ3++7mzXnGgowhgPV7GRABVdSoiWW78hZeUN7EFxRB2EGfokBvLPjP4iQj2NcjB7SDsD9uGJ5MiKibeJ0ZqCqo5S9k7tY2xbPWpPcDgkJiNFBFUrF4ysZSJkd2fna0AshvB6kYVBkruOxCOmi8IAhCCyCiRobeYIJunRl87ZWhFCoSpoA2IKwFl8ZjUQ2Im3lHcmOsVDybvkeT44blacmCiENCVJckHvwyp9EKlbZocjJWqd/lwKBW4XpcVvjrQkdHuIT6+7AnyMnV0MNMoTeSIDBLHwq03Am7Bs8Ap7ZZ33jJMEWFqGArhiiuSmvOXu1s5rqVE/qbsNj6mUMABSOg1i+6YtNe1sT0t6ab63o4R1JMAzNGCChEdpZt/OVGzXsgXFNgOu+H3jILlVOFfg4MCX6ort0qRATHo3NAO6R7ef3w3iry3qTpL9kQQVV/mLTjsLbEWj1uAIDk99myI1lVik4svrJIM31n52f3UgAF/rBSEKrFbsqRcLV0hSVB6Eaw2GyQzHynOlKqP74XABzRObAbIaD/tWWM6eJ6+yjAgb8k5S47Aai2Zu48xD67cVlGCjYF/ofhnPZVlZQclX/aOnurCyig9EU5IxDpvIXQF72oCq0H0Vm6KW+T3ZdywcgbdgSpXAGxyATJ/tyIewMkkuFw3JWNJt+XNo8eQGUa1F9whOmZP6T/dFBbYq1IG2gScLw3cvsvD65aeMV6bQbTa9rtjExsA++Uo0o337FSO5wMlxRWBGFetwRBMiAIulxIgdq4abCfKSYUm3WikBprzi7Nc3bWqomDAAleewX4YzC5GsSDXza5iGR9kjWYmISg36pEBFFJQqXh5CUc9IHYljLrCqCXQiHwa952RtO5Xr4jRygIW/wx+LypAxGl9g+T9mgEvXHp+MFYMgVvgKrIvnBG0W7Wdmteu97I7888ItDjhXmF2p4w1CksCFK1BvphAUJi93dXgKRCeeRU0M4i/rhuSB8imYPm7kHAZbNm7tXcO65fnjFEFFv3RA7IgJHVkwtnbtLcXNLzc/shUEOuCwpy+Ya8RmfJUKaQEoRFH6z5FlIAQZDX261DblKBRLpgN5oBTnZf3RRxarSqiEHBSJRctjnjGwly89qMIUQNDkFUqtAqc8QOZkWavmK6ub6hfgQhwTVQtEUAQtCZjTd/eyiUUSODovzWAKD5INniICVYlipvf4XcTb4vbRg1kBIUFPIihOr+kLFjn7YHWZk+FDA655KXt/L7ms+lkjNfztioGQeCZtr1QUhRofXlYvmhXSEKeBc6gmwES50DUlQdzoY+4Ox1VmbyfWM97LFagczdMiZOtsu6Ixx607goQP2ctJ3aId2NqycOwyAExcQN2H5g4dStNWAFnD4kZzgSg2Pa9QYTlodicBDiOBQqE3DICKJ1fgtE1tkgRaXgsyu1twB3Jh8mUNIc2OHlDcNHBSqaortsSKQNf5j40x5tD7JmwnCRiJGdkd2XMizK4pIrNv7Eyoz7x5REyUJCGmrIU3aRUKctKubQ1plLG3zplz/zBpUg1ArSsVgQ+v4eWg6EThdAtKhCCsZg8mfH9NSFENTE5YBmcg3WZl00EfucCbs0S9KstZkjQKWBt6C5bc6z87MHKYCCalpuT0dIUVyCKBwqzGuMqMLSxPyJllqoVYO53AoaQSgAqpwHQxEGoVsUHEazoeVXofwriBHNkBIwf6tOsMUlwc9JGWBjm3UsVqZ2ogrfiiDV8VzGbnaBC25clT4SI9Tpey7eNlwuidvZ5jz9q/QY5Dw3IIO3dQQkHwGF1suHNtyzQQuswdKYpTMjI5x1A4hM1U23FbK9WlCeewgaQU79CQZi3GitEkzgVKqhpIe10c2cJXaCjkVIQSIIAQHdx0rdTb4vfTd8cKDDkQpYcT6Tvkdb7ly/Om2UCDigy06CXLWLpm3Wzl3CxbTLZCFAVVW2HHI/UZ+2elqUXC0PaLnV6HJVF99erLnlBDoFhSBVc6GfKp57zkEouDCBw0lPNobfYalqDcQhgBQkQMCDRXcELFWBnBFhz4AccARlsy6A/Fzazp1MrllrJl4CRAhslJWmzXn2h9kRJIIMJ0LoTbsYq0Qi0iH3u+zs4FKIEfoTOBcPUaanCu8oDHjEx4ATpO4d6GW3t35CThAoogkOJz4ILf43LDKJRCDFFQJ3E0/SuGQ4kdQU2OHl9aNGqwgFbJ8kmKjrmQk/7WAy3LgyczTGNGBtEeJyLZq+WWsr81+Zvak5+N7LnlgzNxPBTA65R0QZ//H4WJMYOQBw61cdiGg6uvGGbwLqLh9QgtT+BRKdDmjXMiIKoFInHO72FLREwGD3zakEnb4H3dHs4O33AgF79BTYixCQ14qHXuSkUgAjjRDlucxd27Ul1qqMVBEF6P4LW+IiWrZg2oYTVqsVrxtRNIwCCbxBoAPQVXAcdr+3npufG9cAygAMqN0lt2c5b3Xrbb6AEaTyLYgVVBjkUjt2PBQREMBwOOERaImnpDku4vbJ5W0n9eRrNvnm01nC3uK9l+qpq72yAibqM+m7tmlLrG/SLgWKA7cXq+m9bWHeQpXF2nUqoTftmu24ZN1dZ8OYZi/JjicqGeDNiT6beYjFuX/DtWc39P7UUUAIcnQ+WKIABqnE+7vjJgGojUJJ3983upyzxO6gEwohjXLubvJ96fvhg6krQG+HCCp5Lm33j9oSa8XEy3CA9gTum/NwMO2KCi11v6Oe8UlGAhKkAb7cZGTnJWCHA4G4wut3glAriJXRMIhC5y47OWUouXhOY/R1lmzrIUlVIKSxc1UH7E+cAbVz16TEyRFRATlZF6hCn8na8wPr8w2rJlwuoAD5gDVtzrX1vRQZ0mB5CJQjRXmNsX9Z0nMPhcUJNu2mBwut/n241O8EOfMmpLhUfbfhzAClsY9BS4h92wbooTohZNHO3QM7zC0amSoHKDTQc5k7t2pLrNUZY/y5TGiui4X0WXJlsbbPSftkcjI2+T8gg7dye26w/bLcE4Tq4hvX+tX861eCnHwdegjIPwM5QoIjMQ9Cy6/L6eXQS7KE5r6IiECNAtiLcsDxfPHQi4RObNbZDAECyISaXGACWWkAF5JANhO2aENy/T7VZW1yyJuVP1KKiOtjqnI1SJKJmJCqSoJgNgFRJQVTE6JE6swM40S07OtpG04w0y5EwTClgw2wt4Pd13ye9z0y8zOTKIh+WSUQh/OoPwNB+I0g9EOIOF0FQzH1n/UlgsLRmMehxYxXvwp6uyTwOkasr4prL79JhBNRWVCWnz9L2Nu74806UaA+MoqcQWbB5j74/SVTM4kcihxDRGe8V86NTZtzX2Pt+ktmVg9yKieK7mwMDKHNZP9M64EjzP5bHRBQRDvd56/9iN8IcuZ1GOBCAYhbReB4jycaI46wVP8NXOQSIYDm1taHAzP5rqyCfXl5oLZ2ss5mCIzEM1Ry1cjj9lZbmWUuiMlKAW9fNy4BgxRHFSXec4Zp3pzPyp8lnISqoaEw7VJVLNtw6xotQDdL4z+d0tMkEr+He2Vxt9bnNd6v15v8QpAT86C7CQJobRLgRNIjjZHYWWpYB31kBEG77dfcLkZQGpsDFS3R4AnIKkHV9TJUz7tiR71eZfiz/LTVo6OiVUuCQHECiILUHK09+9Ps7oqIgm4ZlACd/DbvW+3WIkuBvnviaR3rLLa6CcI8dKtjYagvJt1OCatCWdKT0PLr01AAF8sUghrg+ZzADhRwsGeJTuHGglC4yRqKgAyiQE8V3njWLSQYSzwWJaUSeu7TGwtYN0Gq50GyAvoDSXujfIThZPffQ8uvUDDvsrO3DYkDyuOvhgv6FSV2zgDs/r8fAlJ7ozPPu+XpX029CDmVoCyRWcDsjTd+q4Vz7WzSRZCa+dBNJsF1CcESnEp8EFqc1KrXQTLyQ6T3tgAUVGigIpSzpVVnQQ7HcmypRTBJIlgI2MUs4kIVG28/O0CzP86+WJFQUGd9va4onSYIOxCsioWhJEjR99wHmaBAebenGqOPsFRdAP0RBb/GsmUP7CAVyucVQzm7fhuOg1y3TFbAU4ZMSVKxmtSZB3Laa19UaWXhrYVarGGWsj7L6ksEIehPOrD3SUy96b7OhjbtNEEq34C+hPr+spNupTZVIAJUJDzWGJWdpTPfwQBQ9VvRqAKqBHB6z2EoHzsbtAcsjZ7G/N8YU0RstyQquHp05BzoDRaeVqRQ3zdhL12tv3W99vaKr6lTBKmaC3GqCAFxufClA6IAlQmPNL5Wy5JjLaToCXYtCXD6FIFydgfEFzmMkrfpbkiSrl96j9PsyYsmJ8sBeELBV8wjQDjQmTcTO0WQmvkwSCbeP5jpa2d8yW+iUBX/OLTYvGtWwSAq+SabFrw6Eo6iCWfvpfgig9Hyjl8xPVZscPT1NXg1e7yzMK9Qu8vPUlZ+1gACQlBjHLelC0/ZvNWZzwSpfhPiFRVC8shMW50yCVAd/whoPjjUCrg2DQZ2+BR0U2URFM4cdcKx5vdBvAXO6PlYELkap/Ni7KJexQXDLrV2/f71B6Fpv5axKDcFVDXgT1f4ogfRRA/6+kS1zwQ5/ScYjHAH75D7IrWf8lIMNUm1cAhZgdB8EGzdYCDB7UcnVB1wKnHGWYuYn0QxVDVeWZ4ItvXG3Q6yOyYsvlbasMkDMPaOWMEEi73jvv6m9do9fG+TTwQ58yokuEyQ4m3lwc5HCdQm9YdDKA9U9gCPjcJAAnBehEJ231wQ4ajRTLeBwjt7aXZ3UkeYFeq8WAGam3kSPcisRMyN5ZTrVEooIsN73XeX61Dx7cVen2X5RJDyN2AI0ODEjPW6w54ZEdi627SZRKFbwGSzwUBCz95NYecasguOs/sdnW6jCxZk90fMormP+7mJiGm9rdJ2kD26k12QLSqnlJRgHUB2WgUE24pvWdf8BnyH1XhNkFAcCnYofds7srruFjiEZoOLPRtdVQaDBAwWIFBdLsNxvt/oHLJsX2Kzu/qwvQUCxd4Leh1YmLdQ1szECbEpqJXZunMtBbaUCtLhTXmrvXq33WuClP8ZhoJy/nIlsF3pfO1mgPqYftpySz5cABE9CSRGTjnrptL5mnnJyfmT+5B6Uslcymflz5LKcXmKQlBwYgn7AX62LNyQV6AFCu8oeUUQb6KTdNRQKL7HAPbaOjg0wNo1zzUCjTk7N1Gj1BQKYsijovjaV7OIS7x5ycorglTMg2GdvWPuq+D+zu/p4Ojv+rtyfWwmkYEG/dqBPzBn+6fCmwq1aPrtpQ4JUjsPujsDedejIwl1fO9+PqKjGl60HQTSFkweGI4mXW+U5s2dkY4JwoK/OSEx7K1XHoggARqqBTg0+EFwegMWz9M5BNjGva6ubuAFt8wi2GaWoLKjZVaHBGmGrfw1iFEIJIom/3rNdk4t7ZeiCIhggoPuIU0D0Q6vsxGBMfm5cVGqnBIO8X070gnzMnZFuiq9DTTnNUGaG2Y3CCviIFFQIFFF4fXwTbOMnmGDOgKNf68fAb8HX9AvUksN7HahqporY8vFypUPrvRpRdEmQX4YBEmCCx5HGJaNPgzrW5EX1cyHBJlC93BafmEVTiU+yd1H/Di+vK4qVHc+2hJQO+VXaGXhbYUsEOF574lk52dHY8BxZDc51VbAuTYJsj0ZfgsI3mlqfAUALKMKfH3psfPPEk6/A9EmOyQiARK9icXrNeI+ZjRJcCb+QdAepOQpNAiEOpwpi9WLsFLtlJ2Vm+/YfJ63RLY1WxRGC3F2mcY3Gxfa26y3SZAd/aGAAmS7w0wBSgHBMqCw9NISWO2pgv1vgbm3AxKcIiQG+6YhxuCoEuEA35SHhhjNrWpewLX2wRijgD4A5NlLFp/XiXF1fLS5YuWM85dR7BEepUaJdyo03vOhUs0T+fbWnRhbJYi2vFLOBmxrA/ICRGGZDPDZ2NKzIXlYXvb+ee2bkOBUIDFYnr9Ygv18Ux5acjS3zjbtFlCDcqGuZRl1a2Gl53vqzHmySqyKd58t2kJI3E23t7bMapUgHsurjlA/jQCWEQrLLi2FJZ6ZmfVLMEMCUiFRoYF5OQojOJ34KHTqSmVHnePfdw6BQO5HEFEowqjaKUdVuj/V1izptH9Oi7JFKPEmULp5vkzVVm/a8s9qlSA7+sNqCjCtE9BsZssvjOGDSw7DqXOWZ2+BudwBCYKfl1+UgFrfAHu5O0kntBXAItpSq84+3B933JvFJIQ6KcbV5iY/MHfxfZktWu12G4GvzyOIl8ur9qGlUAcIlhKAzy8rga/cM1utgO+VICEmAhL8cm3XDGVJ/302oFwAdc6r9hGB9M/SL0KCH17lItiGsFxdtLuosvnGoudsIRDava2n2rwVu7Vl1nkE2d4f7geAd72t1It8O9jGXhXgz5cfOButnZVrXn4pKiSiTiy/2Gu5hyJgX1eJPuIF1mGVhd0RgVMwrDMhhdiDntiFq0VBrPYMtsBmi1J7Vbxkdib68/5Ja8us8wiyrT8sQQDXBQBplZmKAcHfUg/DUvf6D1shIjoOErAKCQTAa89QiwjHoh8+dykXALl5lToQSFs8rQdWXF5Hb6cYHOASq4lQV70pb5PdvWm2t5CxnKCKuIcvL1B5K35rQa/PIUjT8oqF0QlYtD0mLKVwAGHIl2SYP/z42dekWMAFW3dIoHLHyy/ma/WXGthn2KBu3mo13PNRQFmfZw3rKIIjuy9OCT0zZdaUSiuytgTqY7PFMaiNM2Nnj0DfOcGqSvA+vNPdmnUOQbb3h7sA4KNgYo4AvlEpvHVZKSx3b5c9AoplYHFkExQVznvQkruTBFNL+tpq6/UobUBC68uoMUtnRppr65OC/QqW5zLLkyCfAMBt+uDodOnjlMKHmML80UfOBohmD/NUnPFYfiGwJT0KXt8r7rREvKDfEMj6ImswIUKstoJQwAFIriYCOWcZZaVWvG7hukSCxR6+xuTyl6Cey6xzCLIjGfZTFPqIiUBhLQKYP7oUVjZ3PH8WCBnjIUEkkGBXoSL56Qs7yrq/FHqh1KM97dxAkjDC1UliUrUWIqgpsb2FI8LRIxyCzLET+cJbCn9qlq2FID8MgGSBng3jGSbAVyGAv0RhmD/wENSEiUxcDD8gYLVacdFlRUlyvdyTiqLJD1X6rYqYkxE/NXv9thBkWz+4GuFzrUt+a9EPFVGAbwBgfms+YH6onlcRJARY+CCLZOmhAIoLUpM+N+MegfEsQfrDUwjgVZ9rC3YBO0SnnoKweu4s2BBcsO1ZAWeMyLks3OVHgnKi6MbGh0ZbCLK9P3wKALeGufAlqSXBfbAnzPG44MRL/yJnZKg24N6CRQg6s/GWb7VrE+4EYXGChnhbSUjyUXg9tRSeCEnbvFG/IBCM9wn1Cuq+UdcI4hf/K71SeVFewDBu1CH4jxdZeZYwRWBi/kSLABEjwlS8FrHs1bU7WEhVjSDbk2EyIFgX5kLLqSXheQc+zHELO/Gyvsi6jJDzA2GHk6Cu6Ij9m2esrNUIsi0ZHkUI5oWTgOfJgmBR6mG4Kaxl5MJ5hUC4vDrVnrAi0OOFeYUnG2eQC2CDTgB+fVlJcN1gvNI2z+QzAuzQUHGhsHqE6bxOuITq4tvXHmomSPhv0Ll51+eBGLYFLgBzL7uctfGWwp/QljFgMlWCHLZgNgq2KbUE0sJcRi6eDwhkLJgyBDCJ8aFI0LMWzyr4Ae1Oht4uFPY38uakllwAh5hBV+GF22B2fnYvBVCfcO5BNZzeiXYOgNGEwvZwFlSlkHZ5KWwKZxm5bL4hwBwUGyJcw3wrFdzcdkv0HnRBmHhF6Jt6gEdLDO7wCGxr7FUqS0Ls6MC2oq92ZupF2/rDzQhggb6qAlqan38EFN7QVZ65IPNyikWf40MHS2KzHZegHcnwO4rgL8FqtBPtHE4tCd+XdTvRH16kCYG0Bdmjgh2B0RfwzQo+hrb3h+cBwOpLwSDnLUotgawgt8mbCwIC7rcMg9Ccz02IMj3FlljvIYDZPpcOXoHPUktCdg04eL3sgi2lLZqcjFXaPVy7zt4SYTPIlwBwbbgKCRTmpZbC42ErHxes0wiEu2cvC2rNCPI9AIzvdC8DX/Dh1BL4n8A3w1sINgLZS7O7K3aUHOx2vW0PE7WBEaQUAPp5Wyjo+SjclFoKi4LeLm8w4Ajk5ufGOYIUBb4znWEvUzGCsCeppM5UEKQyE1JLYHOQ2uLNBBEBFvvKYq8bHsQmfWpKe4xnez+YAhhMgMBESeNfTEFkfz0/o02fkaZ87HvUnJeAqfl77TMAFqmi8b/mfE3/pm5/EZybl313zmcu6Jt6nB8S+qTZCyRz82GhNhCpQhUBU8z+n2CKRBfFBFMXQRSLmCLi0v6yf7PvcdP3Mvt/E6ZYlSlWMZUlTJGKqcD+LbHPMXWqAsWSgwqqoD3DZlcEKih2KkSwv4L2t0ERqeCqp2KkSEWXSG3RJiq6amnYHtJcIDrmYhocAU4QgyuYd08fApwg+vDjpQ2OACeIwRXMu6cPAU4Qffjx0gZHgBPE4Arm3dOHACeIPvx4aYMjwAlicAXz7ulDgBNEH368tMER4AQxuIJ59/QhwAmiDz9e2uAIcIIYXMG8e/oQ4ATRhx8vbXAEOEEMrmDePX0IcILow4+XNjgCnCAGVzDvnj4EOEH04cdLGxwBThCDK5h3Tx8CnCD68OOlDY4AJ4jBFcy7pw8BThB9+PHSBkeAE6QDBW+beHEfOFM1G8nyTUCUQUBZpBZkp6KwB5kj/1YF5n/m7CqvM/g46bLd4wRpQ/XUasXbFs6/D9vrXgNCotsaIVQQy1Bs3J2jf6j4FiGkhZXhyTgIcIK0oktGjh++fPspU03VS5RSzLJQyQyuS9MIiY0n4unjWNz1AwZVaSwtiA1KXPdfX761bCEniXHIwXrCCeKhT0op+iE3NUM4tm8Vcjoj2dfOCVNU+x0PHafRsdsA4AyltDeuOHVJ9F9f7iH+vFMjEImNLyX9h+eO+XrTAWMNka7dG04QD/3n5+dLg9559mOh9OdZ7Ct55Fi1YfYzX5KY+LkAUCKKoup0OiVRFEfgsiMvRr/9XLpwokTD0TX4kpdsc956MScnp2lq6dqDywi95wTx0OIPj96TjDau2YDLjmgvsNbf9cj0yKJfAAANtklEQVQO1+Tr7oiKito7duxYV3P2goKCCELIuJhFf/3MvGLBRexztd/AHVVX5k3OnfNqpREGB+8DX2KdMwasViueolb/InrFgm9x5alIarbQhtse+LMza8ZzOTk551mqVq1a1S22aMXfoz55S3tfRUkZftJx3W0Zaf/97CG+FzEGvfgM4qbH/Px84eIDP2ZELvloFSoviwCMwXHlLdbKq++YO2PGDBYF/5y0dOnSyB7L/zU/YlW+9kKXMnhUee0Vt2VlP/r0Pk4QThBjIOBBkJ6qfXTUZ+98a9rx73htXzFyzBK4z3rH2JkzGzw7vGbu3Lhuq/+xSjy8Z4K2XxmXc6T2rseyJs+YcYQTxBjDg88gbnpkFqw1a9b0jlm/fHHkp2+PB0KARkbVK30HzRyzaluh+6DXrF05w+8Sjh38ACkugZokaLj7seW1l2X98sorr6wyxvDgveAE8RgDq1evjjIr8j2Rn70711y80sK+pibpDI2KfaIuOvKLzOIj1UUZ/RKia233o4a6Z5Hi0vI4cq6pc+bdf78aEfFFTk6Ogw8tYyDACeKhR7ZRz8zM7CvKzhfMKz7Ni1i90ILk87YfLaWoJQrs191V58i+9hMXQi9OnTq1rKPlFZt9doyIfYzK9ltRz+QrUzcePN3ecPr3L/r3kqqOLUeSZcHo3bXzPOtnB5s7Fr+dDfU1r4OqpAIgmZrNi5XohDljt5Ydca/bl7zGGOL6esEJ0gp+bLMeb7GkRO778Y8R65Zcb9rzI3spq9XknDDF7sye+aFj4MjXqqurj+fl5akdqaRgnrV77Ff/WkeTLrLU3Pv09KJ///uw1WolrZXb+Mgsi6W4+ANcXnabM33akupfPnrnFVdcUd+cl5Ft+7heeaiy4h9qn2S7Y/L1dbj6tGD55osECnDE1T1p+i+KjxzSZkIf8nbUh67yPSdIK5rekj2ku3jy2HvI0XBj89ckPhFcI8eq1BJJhYoyLO7biZG9cZxShFQUGT3fFRFjHbv1xHmb+XN+wSlF39990zjL1oK19ul5m+qn3nRrbm5uq+cmq6eNjupZXjYXnan4HVCKnJNmrpJ/82ReRkaGrbnOzTPGDTEf/XmtclG/+LoHXtxKomLXIIS6mQ7sujr6zSdTaGzi5+qvn7l77OzZLl/ydhUCdNRPThAPhDZfPy5R2r9nEa6zTdIGf3QsrbvjoQZlXE4pRWg3OzsEgJ7IJQ81f/tlb8viv0c0L8FoXLe//az0/m3erl1yW8AXFBSIUe/98XfS3h9eq/vVEy9XDxr1xsxWLGT/GdtzlMlW+zckO36hDhzhEg7skjwJwuqKefOph0w7//N6wy8f+lGefN299fX1By0Wi0SdDZNjP3jtPeHnncg5eNQk+wMv7vY274RFRTs6Gjhd5XtOEDdNs/3H1YUfP2EqPfQKUIJIdBzYHn65hAwaNR8htMzlctUKgsCWUOyR0u6U0tvMW4vvi/rry0mMJFQUFbX/sJsvX7NzSVv7kI0bN1rML9yfD0DT7Xc9fnPEkOGF7if0TJyiqzISYo7tXgn1trH2vNlnaEJSbdQ7zw/wJAg7h+n97nOLxSP7c+vvfOQNefzkl9iBZrM1Lm7Jh8si1nyR6px4xX0Vt/728x5vP5PvTd76ux/9kLvLNA4MThA3gqx95enEbis/XyccPZTKPnZOuf5M/a2/+41C6Zrc3Nxa90HPyDRp0qRu2Nlwc+RHb/5J+n6t5tio9Bv8jfOBl69Ly8uzt/Yry1xZYMM3G1wjxtQ03PnQVd99990R9/0HG9zF818dbN62frFzWp6o9k353LJiwUUR+e/d60mQtX/5S2L80r8WC5WnU+rv+v2vT/RM/iIvL0+bvYqLi2OEpZ+8F/n5/94mp019p3rKLa90y39rnTd5y+945NHWDka7yqzh3k9OkCY0tIH54J2jYzasLkJV5THsFL3+7ieWK1kzfp2ZmVnR2ozAyqxfv/5iac2iBZEfv5WmESR5yNHa7CvScl54+5jngGKkmlGy5Sppy/p8e979X9RNzH1g6tSpNZ57lMLCwp4A8CuE0GZK6Z6IxX9/LHLpvx49b4n16lP949Z8uQFsNd2cebNnHk0eUdBsJGAzFc5//xXLlx89zDb3jvHTno3+8oM13uT1NAR0RWI095kTpAkJZrnq8/PWdMtX/1wtlJdFkKhY2nDz7OdQ7vVvpKWltTobsKLs3CR2zcLXI7/44H72b5LYs9459YZJ41999wdPUjFP4f6fv/2yeOTg7+y/eeohefAl/2rtzIQRKTc3NyoiIsIhy7IofPbeCxFL//m4O0EYOQvfeHVo7KqP16Oa6hjnDfdMPzpwdFEzQZgzZeTiD1/UymXNWKlmX/us9On/rPImr/xfc252NwRwgnRlBNwI0vfgjsyIxX9fhctPmNnHjsnXvVB65W2vNC9bWoOJ/VKLH73xuvmbRb/TZpDBo2prb5w95buTlT94mm4bXVM+XEviEvs67n38qrIG17aOzMLnDHQ3K5Y2e/35T8Oil//juw4H/aSZq0jONc+aPn5zpTd5PS1lXXl48BnEjSCefljK4JHf2nN/eV3Gk0+2mFU9B4unP5ZzXM4x+z1PZWVNm1bi6ZqyaXbeKMuWwiJn9jU/1c249cYpU6ac7uhQsT2CrPv00wHxn7+9XjxRklh/7a+uOj708u/OmUG+eP/liOWf/d5+3a8+t2dd88eYj/60yqu81951b2vey12RKJwgbnsQ5ocV+83Cry2L/zZG88OSzDIdMDzv0lU/ft3WHsRbfyy2hBvw1Qd3mXZsfrfhzofftqWmWd0P/NoafG0RpGl516PbR/MKTTs2DZYnXX1HSfYNbJOuHVSymc3052f/Lv1QdLPj5vverJt83VuxH8xd6U3e0xOm/aE10zMnSFdEwK3PBQUF0aji5IPR/3zzedPOf0vaVyaTTY1LeOCyAZM+QQsXtpyS01mzhO0H198DtVV/bvbHksdk2ht+9eh9JDou33NvwQZ67J8e/Qga6qbb7n7sV6ct8cvbW7o1i9UeQdasWRMXvW7Rp5b892c4x+e+XHr9vS8211n07rsJkUveKUBnKkc03PHIg/XDLl0cW7DkQ2/y1g6+5ENuxWrUAJ9B3AjCNscZGRmDTOVlb8e8a80Vjh7U7ptrCSMbFaU1gNBpoLQHcrkmASWJzV8rA4aSut88vVxO6vPAhg0bjnnuP7bMebg3Wv91EUkZCg33PDW9oKDgYFvuJe6/U+0RhJ2DxJ0oeSD6H/NeAlU5SFJzpox9/+MyzdN45rirhf07F8kTplY03PnQtQ2yvC/66MH7vMlLBeFHfg7CCdLqfMksTYmJiWNNNZXzLJ+/9wvpP4UiW261mTAGeUKuq+GW325SomKejouL+4/nwR8j3lXHfsoy/Xvt8oZr71qtTrvpnszMzGpvJuz2CMJO0gkhoyM2r/tH1N9fH45E0x4imf4HAF2M7fW/V5IuMtXf/9xnDUl9HjObzbXe5uXu+mc1w2eQVkbpihUrzBaL5RIAeFg8UZorFS5NlLZvEnDFSaSRRRCBJPWm8iXjVDl7ZqXap/9qQsj8ioqKPa0tm7Zs2WKCuY8+JR7cPafu7sfn4DEZ77VnOvZ2BmH52LIQCLnFtOP7ZyI//9/u4qnjkVQQVOdl6TbHrPv2qEm9HgOALWxG8CWvN+TtCnk4QdrQMvt1lmW5myRJoymlN2CMx1NKkxBCArPmUkpPU0r/gxBaLAjC9pMnT1a1ZbJlswBC6HrmmgIALwDANm+XME1lZ1JKnwCABbIsv+fpzVtcXByvqurVlNK7mJ8Yix8BAD9SSt9zOBzbmvcT2mGol3m7wuD3po+cIB2gxJZcSUlJkaqqmiVJatmT2O12FWPsrK6utne02WYDc9myZZbo6OjImJiYGs8lWHsisLKbNm2KsNlsMVFRUfb09PS68+6DNOVRFIVFgBRVVaWiKDoVRbF5ErG5Pm/yejOAjJ6HE8ToGub904UAJ4gu+HhhoyPACWJ0DfP+6UKAE0QXfLyw0RHgBDG6hnn/dCHACaILPl7Y6Ahwghhdw7x/uhDgBNEFHy9sdAQ4QYyuYd4/XQhwguiCjxc2OgKcIEbXMO+fLgQ4QXTBxwsbHQFOEKNrmPdPFwKcILrg44WNjgAniNE1zPunCwFOEF3w8cJGR4ATxOga5v3ThQAniC74eGGjI8AJYnQN8/7pQoATRBd8vLDREeAEMbqGef90IcAJogs+XtjoCHCCGF3DvH+6EOAE0QUfL2x0BDhBjK5h3j9dCHCC6IKPFzY6ApwgRtcw758uBDhBdMHHCxsdAU4Qo2uY908XApwguuDjhY2OACeI0TXM+6cLAU4QXfDxwkZHgBPE6Brm/dOFACeILvh4YaMjwAlidA3z/ulCgBNEF3y8sNER4AQxuoZ5/3QhwAmiCz5e2OgIcIIYXcO8f7oQ4ATRBR8vbHQEOEGMrmHeP10IcILogo8XNjoCnCBG1zDvny4EOEF0wccLGx0BThCja5j3TxcCnCC64OOFjY4AJ4jRNcz7pwsBThBd8PHCRkeAE8ToGub904UAJ4gu+HhhoyPACWJ0DfP+6UKAE0QXfLyw0RHgBDG6hnn/dCHACaILPl7Y6Ahwghhdw7x/uhDgBNEFHy9sdAQ4QYyuYd4/XQhwguiCjxc2OgL/D3T1huqI+bU+AAAAAElFTkSuQmCC','asdf',6,'2022-04-08 13:13:21.084660',0,'Diagnóstico Financeiro - Prévia'),(7,'chatbotmcf@gmail.com','dionlan.alves@gmail.com',_binary 'data:image/png;base64,iVBORw0KGgoAAAANSUhEUgAAAMgAAADOCAYAAAB7AU2DAAAAAXNSR0IArs4c6QAAIABJREFUeF7tXQl4VEW2PlX39u109hDCIkIg7ItEhWHJRgIBBcWduI8z6jx0xucy7uhoq6PiiDhPR5/PcUZnxgWDgMouYCIJIDOgLLLJlrAFyEbSSbr79r1V76ubhabJ0p3bGzdV3+cX6a7l1H/q76o6deoUAp4CggClgN7fOkaslyXRRapEQiWRUlGkkQ5RsCOTC2OTgJBJATAJimISMdn/ZMY+GxPmmuL0GLFOHSyoyEVEcKkqcplMyKWq2CUQUEwxVKlDVDFjoiRIsvL+mK0KIKAB6UgXrxR18f77pfvWgmzRYiqzKKIpkjhxJBWUSKBChC+Vqyb7/hcmHKhlZW5fMT5WFkyDfSlPKHVgJDQ4BWcD1IsNtbEme2FOoeJLHTzv+Qhwgvg4Kqy7RkoR9giLw+awCFiwdIYMrTUpWaQDT43dWsO+m7UmNw6IY5CPop2XvZk0oNjtIBE7VDvsC/N2yXrr7UrlOUE60DabHaTIk3GqQ4rFoitKJaI5EAOERAsHrZdtO8Pqvq4gO94kKwMD0Y4CxCmCWK8IjtpqIbKGzzLto8wJ0go+GimEmgRVcMVSRGJBFXAgBqt7nSaAQ09n7qxmn922LCPBZYKUQLdJVJWogGpNINSWW4RqTha+xGpzzLWQgjriKRZjAz04PesnAjlsTdtVpS2xVk3sBkgYEHQZkKsWK9IZTpazyHfpGaSZFIDsCQqYYoI9IN3bEyVXyZzxeyvZZ9evHZcoqlL/UMqjCGATZVTd1cnSpQnyfMHoiwWR9gzlQGxum1icpdaxP1ewf99akN1dkZXkcJBLVV2nFs/YfCwcZAmFDF2KILUF0B1UoLG5oP1SW3eNjMZVeGgogPdsU6TikTlZP5ZrS6wVmUkg0H7hIBdI4r6FOYV1TJYpi6ckqg4VFd5WqBG5K6QuQZDatZAIKiQRE0RhArbYXPi5Wbmvbhw5yKXiuFArm2B01Jq+47S2xFqd1kME3DfUMgFVaxZeuelAsxwZC6YMAUxiREzrBSyUr7thnfZDY+RkaILUrIJuSIIkAhDtrkSXDX5Ouha0U+tX1l+WpCAl5L/Wgokee2bCT6e0Jdba8T0V1XRxyAeeio4snFGkzWrpf0uPQTHSEHeZKEAdAal8U95qzbhgxGRIgpwpggTshCSCodWNN3VCZcJ0KGEK/b8tY0yn6uVhgEEKpYKJQo5bc3ad1JZYy3/RC0Rzn1DKA4oqJ/SU974/dquLyZH9WXZ/RUCJrcpEsA1UZ3nx7cWamdpIyVAEqS6AeOyCJCpC+2ZaF0BcDexEeaCdKj9fNKKfAEJSKBUrUOXEM1l7ypgMN6zK7C0gelEo5QEnLV94zYYjTIaR+bOkBKi4pCN5MFZrsYDLC68v1A48jZAMQRC6BuJqRUiiFLzeS5hkOBF1JWgD8vnvB8UKLotPvk/+Vr6K5LIXMvadYPVe8036RWaKevu7DV/qk1TX/k9mbNZ8wzIXZfamqug1YUWgNSKI5Wvz1mquMxdyuqAJQgtAtGPoLavQw1clCAicMTmwC6DRC/aVomFDQnkWggV88tm07ceZLLOWTuwDktDL1z75K7+igG3JVcXNhgyUvSB7pIKRzy42WFVP41647EI+ob9gCcI24IoEvQUAn7xm3QcRioDDcWmgbTBf/n5UT9WFQrYxVhV06oWcHdp5ww0rxl8sCKaQnc84Ha5jX1+7WTMYTMy/opsAcqdP9akCDiI6yjblbbogN/IXHEHoLpAcJ6G3E0F3vb+YLgK2pCaTr7ZZtztGAGBRb72dKY8JPf3spJ+OsrLXrs7qKwHxeVbsTLueZRQKSlJ3++7mzXnGgowhgPV7GRABVdSoiWW78hZeUN7EFxRB2EGfokBvLPjP4iQj2NcjB7SDsD9uGJ5MiKibeJ0ZqCqo5S9k7tY2xbPWpPcDgkJiNFBFUrF4ysZSJkd2fna0AshvB6kYVBkruOxCOmi8IAhCCyCiRobeYIJunRl87ZWhFCoSpoA2IKwFl8ZjUQ2Im3lHcmOsVDybvkeT44blacmCiENCVJckHvwyp9EKlbZocjJWqd/lwKBW4XpcVvjrQkdHuIT6+7AnyMnV0MNMoTeSIDBLHwq03Am7Bs8Ap7ZZ33jJMEWFqGArhiiuSmvOXu1s5rqVE/qbsNj6mUMABSOg1i+6YtNe1sT0t6ab63o4R1JMAzNGCChEdpZt/OVGzXsgXFNgOu+H3jILlVOFfg4MCX6ort0qRATHo3NAO6R7ef3w3iry3qTpL9kQQVV/mLTjsLbEWj1uAIDk99myI1lVik4svrJIM31n52f3UgAF/rBSEKrFbsqRcLV0hSVB6Eaw2GyQzHynOlKqP74XABzRObAbIaD/tWWM6eJ6+yjAgb8k5S47Aai2Zu48xD67cVlGCjYF/ofhnPZVlZQclX/aOnurCyig9EU5IxDpvIXQF72oCq0H0Vm6KW+T3ZdywcgbdgSpXAGxyATJ/tyIewMkkuFw3JWNJt+XNo8eQGUa1F9whOmZP6T/dFBbYq1IG2gScLw3cvsvD65aeMV6bQbTa9rtjExsA++Uo0o337FSO5wMlxRWBGFetwRBMiAIulxIgdq4abCfKSYUm3WikBprzi7Nc3bWqomDAAleewX4YzC5GsSDXza5iGR9kjWYmISg36pEBFFJQqXh5CUc9IHYljLrCqCXQiHwa952RtO5Xr4jRygIW/wx+LypAxGl9g+T9mgEvXHp+MFYMgVvgKrIvnBG0W7Wdmteu97I7888ItDjhXmF2p4w1CksCFK1BvphAUJi93dXgKRCeeRU0M4i/rhuSB8imYPm7kHAZbNm7tXcO65fnjFEFFv3RA7IgJHVkwtnbtLcXNLzc/shUEOuCwpy+Ya8RmfJUKaQEoRFH6z5FlIAQZDX261DblKBRLpgN5oBTnZf3RRxarSqiEHBSJRctjnjGwly89qMIUQNDkFUqtAqc8QOZkWavmK6ub6hfgQhwTVQtEUAQtCZjTd/eyiUUSODovzWAKD5INniICVYlipvf4XcTb4vbRg1kBIUFPIihOr+kLFjn7YHWZk+FDA655KXt/L7ms+lkjNfztioGQeCZtr1QUhRofXlYvmhXSEKeBc6gmwES50DUlQdzoY+4Ox1VmbyfWM97LFagczdMiZOtsu6Ixx607goQP2ctJ3aId2NqycOwyAExcQN2H5g4dStNWAFnD4kZzgSg2Pa9QYTlodicBDiOBQqE3DICKJ1fgtE1tkgRaXgsyu1twB3Jh8mUNIc2OHlDcNHBSqaortsSKQNf5j40x5tD7JmwnCRiJGdkd2XMizK4pIrNv7Eyoz7x5REyUJCGmrIU3aRUKctKubQ1plLG3zplz/zBpUg1ArSsVgQ+v4eWg6EThdAtKhCCsZg8mfH9NSFENTE5YBmcg3WZl00EfucCbs0S9KstZkjQKWBt6C5bc6z87MHKYCCalpuT0dIUVyCKBwqzGuMqMLSxPyJllqoVYO53AoaQSgAqpwHQxEGoVsUHEazoeVXofwriBHNkBIwf6tOsMUlwc9JGWBjm3UsVqZ2ogrfiiDV8VzGbnaBC25clT4SI9Tpey7eNlwuidvZ5jz9q/QY5Dw3IIO3dQQkHwGF1suHNtyzQQuswdKYpTMjI5x1A4hM1U23FbK9WlCeewgaQU79CQZi3GitEkzgVKqhpIe10c2cJXaCjkVIQSIIAQHdx0rdTb4vfTd8cKDDkQpYcT6Tvkdb7ly/Om2UCDigy06CXLWLpm3Wzl3CxbTLZCFAVVW2HHI/UZ+2elqUXC0PaLnV6HJVF99erLnlBDoFhSBVc6GfKp57zkEouDCBw0lPNobfYalqDcQhgBQkQMCDRXcELFWBnBFhz4AccARlsy6A/Fzazp1MrllrJl4CRAhslJWmzXn2h9kRJIIMJ0LoTbsYq0Qi0iH3u+zs4FKIEfoTOBcPUaanCu8oDHjEx4ATpO4d6GW3t35CThAoogkOJz4ILf43LDKJRCDFFQJ3E0/SuGQ4kdQU2OHl9aNGqwgFbJ8kmKjrmQk/7WAy3LgyczTGNGBtEeJyLZq+WWsr81+Zvak5+N7LnlgzNxPBTA65R0QZ//H4WJMYOQBw61cdiGg6uvGGbwLqLh9QgtT+BRKdDmjXMiIKoFInHO72FLREwGD3zakEnb4H3dHs4O33AgF79BTYixCQ14qHXuSkUgAjjRDlucxd27Ul1qqMVBEF6P4LW+IiWrZg2oYTVqsVrxtRNIwCCbxBoAPQVXAcdr+3npufG9cAygAMqN0lt2c5b3Xrbb6AEaTyLYgVVBjkUjt2PBQREMBwOOERaImnpDku4vbJ5W0n9eRrNvnm01nC3uK9l+qpq72yAibqM+m7tmlLrG/SLgWKA7cXq+m9bWHeQpXF2nUqoTftmu24ZN1dZ8OYZi/JjicqGeDNiT6beYjFuX/DtWc39P7UUUAIcnQ+WKIABqnE+7vjJgGojUJJ3983upyzxO6gEwohjXLubvJ96fvhg6krQG+HCCp5Lm33j9oSa8XEy3CA9gTum/NwMO2KCi11v6Oe8UlGAhKkAb7cZGTnJWCHA4G4wut3glAriJXRMIhC5y47OWUouXhOY/R1lmzrIUlVIKSxc1UH7E+cAbVz16TEyRFRATlZF6hCn8na8wPr8w2rJlwuoAD5gDVtzrX1vRQZ0mB5CJQjRXmNsX9Z0nMPhcUJNu2mBwut/n241O8EOfMmpLhUfbfhzAClsY9BS4h92wbooTohZNHO3QM7zC0amSoHKDTQc5k7t2pLrNUZY/y5TGiui4X0WXJlsbbPSftkcjI2+T8gg7dye26w/bLcE4Tq4hvX+tX861eCnHwdegjIPwM5QoIjMQ9Cy6/L6eXQS7KE5r6IiECNAtiLcsDxfPHQi4RObNbZDAECyISaXGACWWkAF5JANhO2aENy/T7VZW1yyJuVP1KKiOtjqnI1SJKJmJCqSoJgNgFRJQVTE6JE6swM40S07OtpG04w0y5EwTClgw2wt4Pd13ye9z0y8zOTKIh+WSUQh/OoPwNB+I0g9EOIOF0FQzH1n/UlgsLRmMehxYxXvwp6uyTwOkasr4prL79JhBNRWVCWnz9L2Nu74806UaA+MoqcQWbB5j74/SVTM4kcihxDRGe8V86NTZtzX2Pt+ktmVg9yKieK7mwMDKHNZP9M64EjzP5bHRBQRDvd56/9iN8IcuZ1GOBCAYhbReB4jycaI46wVP8NXOQSIYDm1taHAzP5rqyCfXl5oLZ2ss5mCIzEM1Ry1cjj9lZbmWUuiMlKAW9fNy4BgxRHFSXec4Zp3pzPyp8lnISqoaEw7VJVLNtw6xotQDdL4z+d0tMkEr+He2Vxt9bnNd6v15v8QpAT86C7CQJobRLgRNIjjZHYWWpYB31kBEG77dfcLkZQGpsDFS3R4AnIKkHV9TJUz7tiR71eZfiz/LTVo6OiVUuCQHECiILUHK09+9Ps7oqIgm4ZlACd/DbvW+3WIkuBvnviaR3rLLa6CcI8dKtjYagvJt1OCatCWdKT0PLr01AAF8sUghrg+ZzADhRwsGeJTuHGglC4yRqKgAyiQE8V3njWLSQYSzwWJaUSeu7TGwtYN0Gq50GyAvoDSXujfIThZPffQ8uvUDDvsrO3DYkDyuOvhgv6FSV2zgDs/r8fAlJ7ozPPu+XpX029CDmVoCyRWcDsjTd+q4Vz7WzSRZCa+dBNJsF1CcESnEp8EFqc1KrXQTLyQ6T3tgAUVGigIpSzpVVnQQ7HcmypRTBJIlgI2MUs4kIVG28/O0CzP86+WJFQUGd9va4onSYIOxCsioWhJEjR99wHmaBAebenGqOPsFRdAP0RBb/GsmUP7CAVyucVQzm7fhuOg1y3TFbAU4ZMSVKxmtSZB3Laa19UaWXhrYVarGGWsj7L6ksEIehPOrD3SUy96b7OhjbtNEEq34C+hPr+spNupTZVIAJUJDzWGJWdpTPfwQBQ9VvRqAKqBHB6z2EoHzsbtAcsjZ7G/N8YU0RstyQquHp05BzoDRaeVqRQ3zdhL12tv3W99vaKr6lTBKmaC3GqCAFxufClA6IAlQmPNL5Wy5JjLaToCXYtCXD6FIFydgfEFzmMkrfpbkiSrl96j9PsyYsmJ8sBeELBV8wjQDjQmTcTO0WQmvkwSCbeP5jpa2d8yW+iUBX/OLTYvGtWwSAq+SabFrw6Eo6iCWfvpfgig9Hyjl8xPVZscPT1NXg1e7yzMK9Qu8vPUlZ+1gACQlBjHLelC0/ZvNWZzwSpfhPiFRVC8shMW50yCVAd/whoPjjUCrg2DQZ2+BR0U2URFM4cdcKx5vdBvAXO6PlYELkap/Ni7KJexQXDLrV2/f71B6Fpv5axKDcFVDXgT1f4ogfRRA/6+kS1zwQ5/ScYjHAH75D7IrWf8lIMNUm1cAhZgdB8EGzdYCDB7UcnVB1wKnHGWYuYn0QxVDVeWZ4ItvXG3Q6yOyYsvlbasMkDMPaOWMEEi73jvv6m9do9fG+TTwQ58yokuEyQ4m3lwc5HCdQm9YdDKA9U9gCPjcJAAnBehEJ231wQ4ajRTLeBwjt7aXZ3UkeYFeq8WAGam3kSPcisRMyN5ZTrVEooIsN73XeX61Dx7cVen2X5RJDyN2AI0ODEjPW6w54ZEdi627SZRKFbwGSzwUBCz95NYecasguOs/sdnW6jCxZk90fMormP+7mJiGm9rdJ2kD26k12QLSqnlJRgHUB2WgUE24pvWdf8BnyH1XhNkFAcCnYofds7srruFjiEZoOLPRtdVQaDBAwWIFBdLsNxvt/oHLJsX2Kzu/qwvQUCxd4Leh1YmLdQ1szECbEpqJXZunMtBbaUCtLhTXmrvXq33WuClP8ZhoJy/nIlsF3pfO1mgPqYftpySz5cABE9CSRGTjnrptL5mnnJyfmT+5B6Uslcymflz5LKcXmKQlBwYgn7AX62LNyQV6AFCu8oeUUQb6KTdNRQKL7HAPbaOjg0wNo1zzUCjTk7N1Gj1BQKYsijovjaV7OIS7x5ycorglTMg2GdvWPuq+D+zu/p4Ojv+rtyfWwmkYEG/dqBPzBn+6fCmwq1aPrtpQ4JUjsPujsDedejIwl1fO9+PqKjGl60HQTSFkweGI4mXW+U5s2dkY4JwoK/OSEx7K1XHoggARqqBTg0+EFwegMWz9M5BNjGva6ubuAFt8wi2GaWoLKjZVaHBGmGrfw1iFEIJIom/3rNdk4t7ZeiCIhggoPuIU0D0Q6vsxGBMfm5cVGqnBIO8X070gnzMnZFuiq9DTTnNUGaG2Y3CCviIFFQIFFF4fXwTbOMnmGDOgKNf68fAb8HX9AvUksN7HahqporY8vFypUPrvRpRdEmQX4YBEmCCx5HGJaNPgzrW5EX1cyHBJlC93BafmEVTiU+yd1H/Di+vK4qVHc+2hJQO+VXaGXhbYUsEOF574lk52dHY8BxZDc51VbAuTYJsj0ZfgsI3mlqfAUALKMKfH3psfPPEk6/A9EmOyQiARK9icXrNeI+ZjRJcCb+QdAepOQpNAiEOpwpi9WLsFLtlJ2Vm+/YfJ63RLY1WxRGC3F2mcY3Gxfa26y3SZAd/aGAAmS7w0wBSgHBMqCw9NISWO2pgv1vgbm3AxKcIiQG+6YhxuCoEuEA35SHhhjNrWpewLX2wRijgD4A5NlLFp/XiXF1fLS5YuWM85dR7BEepUaJdyo03vOhUs0T+fbWnRhbJYi2vFLOBmxrA/ICRGGZDPDZ2NKzIXlYXvb+ee2bkOBUIDFYnr9Ygv18Ux5acjS3zjbtFlCDcqGuZRl1a2Gl53vqzHmySqyKd58t2kJI3E23t7bMapUgHsurjlA/jQCWEQrLLi2FJZ6ZmfVLMEMCUiFRoYF5OQojOJ34KHTqSmVHnePfdw6BQO5HEFEowqjaKUdVuj/V1izptH9Oi7JFKPEmULp5vkzVVm/a8s9qlSA7+sNqCjCtE9BsZssvjOGDSw7DqXOWZ2+BudwBCYKfl1+UgFrfAHu5O0kntBXAItpSq84+3B933JvFJIQ6KcbV5iY/MHfxfZktWu12G4GvzyOIl8ur9qGlUAcIlhKAzy8rga/cM1utgO+VICEmAhL8cm3XDGVJ/302oFwAdc6r9hGB9M/SL0KCH17lItiGsFxdtLuosvnGoudsIRDava2n2rwVu7Vl1nkE2d4f7geAd72t1It8O9jGXhXgz5cfOButnZVrXn4pKiSiTiy/2Gu5hyJgX1eJPuIF1mGVhd0RgVMwrDMhhdiDntiFq0VBrPYMtsBmi1J7Vbxkdib68/5Ja8us8wiyrT8sQQDXBQBplZmKAcHfUg/DUvf6D1shIjoOErAKCQTAa89QiwjHoh8+dykXALl5lToQSFs8rQdWXF5Hb6cYHOASq4lQV70pb5PdvWm2t5CxnKCKuIcvL1B5K35rQa/PIUjT8oqF0QlYtD0mLKVwAGHIl2SYP/z42dekWMAFW3dIoHLHyy/ma/WXGthn2KBu3mo13PNRQFmfZw3rKIIjuy9OCT0zZdaUSiuytgTqY7PFMaiNM2Nnj0DfOcGqSvA+vNPdmnUOQbb3h7sA4KNgYo4AvlEpvHVZKSx3b5c9AoplYHFkExQVznvQkruTBFNL+tpq6/UobUBC68uoMUtnRppr65OC/QqW5zLLkyCfAMBt+uDodOnjlMKHmML80UfOBohmD/NUnPFYfiGwJT0KXt8r7rREvKDfEMj6ImswIUKstoJQwAFIriYCOWcZZaVWvG7hukSCxR6+xuTyl6Cey6xzCLIjGfZTFPqIiUBhLQKYP7oUVjZ3PH8WCBnjIUEkkGBXoSL56Qs7yrq/FHqh1KM97dxAkjDC1UliUrUWIqgpsb2FI8LRIxyCzLET+cJbCn9qlq2FID8MgGSBng3jGSbAVyGAv0RhmD/wENSEiUxcDD8gYLVacdFlRUlyvdyTiqLJD1X6rYqYkxE/NXv9thBkWz+4GuFzrUt+a9EPFVGAbwBgfms+YH6onlcRJARY+CCLZOmhAIoLUpM+N+MegfEsQfrDUwjgVZ9rC3YBO0SnnoKweu4s2BBcsO1ZAWeMyLks3OVHgnKi6MbGh0ZbCLK9P3wKALeGufAlqSXBfbAnzPG44MRL/yJnZKg24N6CRQg6s/GWb7VrE+4EYXGChnhbSUjyUXg9tRSeCEnbvFG/IBCM9wn1Cuq+UdcI4hf/K71SeVFewDBu1CH4jxdZeZYwRWBi/kSLABEjwlS8FrHs1bU7WEhVjSDbk2EyIFgX5kLLqSXheQc+zHELO/Gyvsi6jJDzA2GHk6Cu6Ij9m2esrNUIsi0ZHkUI5oWTgOfJgmBR6mG4Kaxl5MJ5hUC4vDrVnrAi0OOFeYUnG2eQC2CDTgB+fVlJcN1gvNI2z+QzAuzQUHGhsHqE6bxOuITq4tvXHmomSPhv0Ll51+eBGLYFLgBzL7uctfGWwp/QljFgMlWCHLZgNgq2KbUE0sJcRi6eDwhkLJgyBDCJ8aFI0LMWzyr4Ae1Oht4uFPY38uakllwAh5hBV+GF22B2fnYvBVCfcO5BNZzeiXYOgNGEwvZwFlSlkHZ5KWwKZxm5bL4hwBwUGyJcw3wrFdzcdkv0HnRBmHhF6Jt6gEdLDO7wCGxr7FUqS0Ls6MC2oq92ZupF2/rDzQhggb6qAlqan38EFN7QVZ65IPNyikWf40MHS2KzHZegHcnwO4rgL8FqtBPtHE4tCd+XdTvRH16kCYG0Bdmjgh2B0RfwzQo+hrb3h+cBwOpLwSDnLUotgawgt8mbCwIC7rcMg9Ccz02IMj3FlljvIYDZPpcOXoHPUktCdg04eL3sgi2lLZqcjFXaPVy7zt4SYTPIlwBwbbgKCRTmpZbC42ErHxes0wiEu2cvC2rNCPI9AIzvdC8DX/Dh1BL4n8A3w1sINgLZS7O7K3aUHOx2vW0PE7WBEaQUAPp5Wyjo+SjclFoKi4LeLm8w4Ajk5ufGOYIUBb4znWEvUzGCsCeppM5UEKQyE1JLYHOQ2uLNBBEBFvvKYq8bHsQmfWpKe4xnez+YAhhMgMBESeNfTEFkfz0/o02fkaZ87HvUnJeAqfl77TMAFqmi8b/mfE3/pm5/EZybl313zmcu6Jt6nB8S+qTZCyRz82GhNhCpQhUBU8z+n2CKRBfFBFMXQRSLmCLi0v6yf7PvcdP3Mvt/E6ZYlSlWMZUlTJGKqcD+LbHPMXWqAsWSgwqqoD3DZlcEKih2KkSwv4L2t0ERqeCqp2KkSEWXSG3RJiq6amnYHtJcIDrmYhocAU4QgyuYd08fApwg+vDjpQ2OACeIwRXMu6cPAU4Qffjx0gZHgBPE4Arm3dOHACeIPvx4aYMjwAlicAXz7ulDgBNEH368tMER4AQxuIJ59/QhwAmiDz9e2uAIcIIYXMG8e/oQ4ATRhx8vbXAEOEEMrmDePX0IcILow4+XNjgCnCAGVzDvnj4EOEH04cdLGxwBThCDK5h3Tx8CnCD68OOlDY4AJ4jBFcy7pw8BThB9+PHSBkeAE6QDBW+beHEfOFM1G8nyTUCUQUBZpBZkp6KwB5kj/1YF5n/m7CqvM/g46bLd4wRpQ/XUasXbFs6/D9vrXgNCotsaIVQQy1Bs3J2jf6j4FiGkhZXhyTgIcIK0oktGjh++fPspU03VS5RSzLJQyQyuS9MIiY0n4unjWNz1AwZVaSwtiA1KXPdfX761bCEniXHIwXrCCeKhT0op+iE3NUM4tm8Vcjoj2dfOCVNU+x0PHafRsdsA4AyltDeuOHVJ9F9f7iH+vFMjEImNLyX9h+eO+XrTAWMNka7dG04QD/3n5+dLg9559mOh9OdZ7Ct55Fi1YfYzX5KY+LkAUCKKoup0OiVRFEfgsiMvRr/9XLpwokTD0TX4kpdsc956MScnp2lq6dqDywi95wTx0OIPj96TjDau2YDLjmgvsNbf9cj0yKJfAAANtklEQVQO1+Tr7oiKito7duxYV3P2goKCCELIuJhFf/3MvGLBRexztd/AHVVX5k3OnfNqpREGB+8DX2KdMwasViueolb/InrFgm9x5alIarbQhtse+LMza8ZzOTk551mqVq1a1S22aMXfoz55S3tfRUkZftJx3W0Zaf/97CG+FzEGvfgM4qbH/Px84eIDP2ZELvloFSoviwCMwXHlLdbKq++YO2PGDBYF/5y0dOnSyB7L/zU/YlW+9kKXMnhUee0Vt2VlP/r0Pk4QThBjIOBBkJ6qfXTUZ+98a9rx73htXzFyzBK4z3rH2JkzGzw7vGbu3Lhuq/+xSjy8Z4K2XxmXc6T2rseyJs+YcYQTxBjDg88gbnpkFqw1a9b0jlm/fHHkp2+PB0KARkbVK30HzRyzaluh+6DXrF05w+8Sjh38ACkugZokaLj7seW1l2X98sorr6wyxvDgveAE8RgDq1evjjIr8j2Rn70711y80sK+pibpDI2KfaIuOvKLzOIj1UUZ/RKia233o4a6Z5Hi0vI4cq6pc+bdf78aEfFFTk6Ogw8tYyDACeKhR7ZRz8zM7CvKzhfMKz7Ni1i90ILk87YfLaWoJQrs191V58i+9hMXQi9OnTq1rKPlFZt9doyIfYzK9ltRz+QrUzcePN3ecPr3L/r3kqqOLUeSZcHo3bXzPOtnB5s7Fr+dDfU1r4OqpAIgmZrNi5XohDljt5Ydca/bl7zGGOL6esEJ0gp+bLMeb7GkRO778Y8R65Zcb9rzI3spq9XknDDF7sye+aFj4MjXqqurj+fl5akdqaRgnrV77Ff/WkeTLrLU3Pv09KJ///uw1WolrZXb+Mgsi6W4+ANcXnabM33akupfPnrnFVdcUd+cl5Ft+7heeaiy4h9qn2S7Y/L1dbj6tGD55osECnDE1T1p+i+KjxzSZkIf8nbUh67yPSdIK5rekj2ku3jy2HvI0XBj89ckPhFcI8eq1BJJhYoyLO7biZG9cZxShFQUGT3fFRFjHbv1xHmb+XN+wSlF39990zjL1oK19ul5m+qn3nRrbm5uq+cmq6eNjupZXjYXnan4HVCKnJNmrpJ/82ReRkaGrbnOzTPGDTEf/XmtclG/+LoHXtxKomLXIIS6mQ7sujr6zSdTaGzi5+qvn7l77OzZLl/ydhUCdNRPThAPhDZfPy5R2r9nEa6zTdIGf3QsrbvjoQZlXE4pRWg3OzsEgJ7IJQ81f/tlb8viv0c0L8FoXLe//az0/m3erl1yW8AXFBSIUe/98XfS3h9eq/vVEy9XDxr1xsxWLGT/GdtzlMlW+zckO36hDhzhEg7skjwJwuqKefOph0w7//N6wy8f+lGefN299fX1By0Wi0SdDZNjP3jtPeHnncg5eNQk+wMv7vY274RFRTs6Gjhd5XtOEDdNs/3H1YUfP2EqPfQKUIJIdBzYHn65hAwaNR8htMzlctUKgsCWUOyR0u6U0tvMW4vvi/rry0mMJFQUFbX/sJsvX7NzSVv7kI0bN1rML9yfD0DT7Xc9fnPEkOGF7if0TJyiqzISYo7tXgn1trH2vNlnaEJSbdQ7zw/wJAg7h+n97nOLxSP7c+vvfOQNefzkl9iBZrM1Lm7Jh8si1nyR6px4xX0Vt/728x5vP5PvTd76ux/9kLvLNA4MThA3gqx95enEbis/XyccPZTKPnZOuf5M/a2/+41C6Zrc3Nxa90HPyDRp0qRu2Nlwc+RHb/5J+n6t5tio9Bv8jfOBl69Ly8uzt/Yry1xZYMM3G1wjxtQ03PnQVd99990R9/0HG9zF818dbN62frFzWp6o9k353LJiwUUR+e/d60mQtX/5S2L80r8WC5WnU+rv+v2vT/RM/iIvL0+bvYqLi2OEpZ+8F/n5/94mp019p3rKLa90y39rnTd5y+945NHWDka7yqzh3k9OkCY0tIH54J2jYzasLkJV5THsFL3+7ieWK1kzfp2ZmVnR2ozAyqxfv/5iac2iBZEfv5WmESR5yNHa7CvScl54+5jngGKkmlGy5Sppy/p8e979X9RNzH1g6tSpNZ57lMLCwp4A8CuE0GZK6Z6IxX9/LHLpvx49b4n16lP949Z8uQFsNd2cebNnHk0eUdBsJGAzFc5//xXLlx89zDb3jvHTno3+8oM13uT1NAR0RWI095kTpAkJZrnq8/PWdMtX/1wtlJdFkKhY2nDz7OdQ7vVvpKWltTobsKLs3CR2zcLXI7/44H72b5LYs9459YZJ41999wdPUjFP4f6fv/2yeOTg7+y/eeohefAl/2rtzIQRKTc3NyoiIsIhy7IofPbeCxFL//m4O0EYOQvfeHVo7KqP16Oa6hjnDfdMPzpwdFEzQZgzZeTiD1/UymXNWKlmX/us9On/rPImr/xfc252NwRwgnRlBNwI0vfgjsyIxX9fhctPmNnHjsnXvVB65W2vNC9bWoOJ/VKLH73xuvmbRb/TZpDBo2prb5w95buTlT94mm4bXVM+XEviEvs67n38qrIG17aOzMLnDHQ3K5Y2e/35T8Oil//juw4H/aSZq0jONc+aPn5zpTd5PS1lXXl48BnEjSCefljK4JHf2nN/eV3Gk0+2mFU9B4unP5ZzXM4x+z1PZWVNm1bi6ZqyaXbeKMuWwiJn9jU/1c249cYpU6ac7uhQsT2CrPv00wHxn7+9XjxRklh/7a+uOj708u/OmUG+eP/liOWf/d5+3a8+t2dd88eYj/60yqu81951b2vey12RKJwgbnsQ5ocV+83Cry2L/zZG88OSzDIdMDzv0lU/ft3WHsRbfyy2hBvw1Qd3mXZsfrfhzofftqWmWd0P/NoafG0RpGl516PbR/MKTTs2DZYnXX1HSfYNbJOuHVSymc3052f/Lv1QdLPj5vverJt83VuxH8xd6U3e0xOm/aE10zMnSFdEwK3PBQUF0aji5IPR/3zzedPOf0vaVyaTTY1LeOCyAZM+QQsXtpyS01mzhO0H198DtVV/bvbHksdk2ht+9eh9JDou33NvwQZ67J8e/Qga6qbb7n7sV6ct8cvbW7o1i9UeQdasWRMXvW7Rp5b892c4x+e+XHr9vS8211n07rsJkUveKUBnKkc03PHIg/XDLl0cW7DkQ2/y1g6+5ENuxWrUAJ9B3AjCNscZGRmDTOVlb8e8a80Vjh7U7ptrCSMbFaU1gNBpoLQHcrkmASWJzV8rA4aSut88vVxO6vPAhg0bjnnuP7bMebg3Wv91EUkZCg33PDW9oKDgYFvuJe6/U+0RhJ2DxJ0oeSD6H/NeAlU5SFJzpox9/+MyzdN45rirhf07F8kTplY03PnQtQ2yvC/66MH7vMlLBeFHfg7CCdLqfMksTYmJiWNNNZXzLJ+/9wvpP4UiW261mTAGeUKuq+GW325SomKejouL+4/nwR8j3lXHfsoy/Xvt8oZr71qtTrvpnszMzGpvJuz2CMJO0gkhoyM2r/tH1N9fH45E0x4imf4HAF2M7fW/V5IuMtXf/9xnDUl9HjObzbXe5uXu+mc1w2eQVkbpihUrzBaL5RIAeFg8UZorFS5NlLZvEnDFSaSRRRCBJPWm8iXjVDl7ZqXap/9qQsj8ioqKPa0tm7Zs2WKCuY8+JR7cPafu7sfn4DEZ77VnOvZ2BmH52LIQCLnFtOP7ZyI//9/u4qnjkVQQVOdl6TbHrPv2qEm9HgOALWxG8CWvN+TtCnk4QdrQMvt1lmW5myRJoymlN2CMx1NKkxBCArPmUkpPU0r/gxBaLAjC9pMnT1a1ZbJlswBC6HrmmgIALwDANm+XME1lZ1JKnwCABbIsv+fpzVtcXByvqurVlNK7mJ8Yix8BAD9SSt9zOBzbmvcT2mGol3m7wuD3po+cIB2gxJZcSUlJkaqqmiVJatmT2O12FWPsrK6utne02WYDc9myZZbo6OjImJiYGs8lWHsisLKbNm2KsNlsMVFRUfb09PS68+6DNOVRFIVFgBRVVaWiKDoVRbF5ErG5Pm/yejOAjJ6HE8ToGub904UAJ4gu+HhhoyPACWJ0DfP+6UKAE0QXfLyw0RHgBDG6hnn/dCHACaILPl7Y6Ahwghhdw7x/uhDgBNEFHy9sdAQ4QYyuYd4/XQhwguiCjxc2OgKcIEbXMO+fLgQ4QXTBxwsbHQFOEKNrmPdPFwKcILrg44WNjgAniNE1zPunCwFOEF3w8cJGR4ATxOga5v3ThQAniC74eGGjI8AJYnQN8/7pQoATRBd8vLDREeAEMbqGef90IcAJogs+XtjoCHCCGF3DvH+6EOAE0QUfL2x0BDhBjK5h3j9dCHCC6IKPFzY6ApwgRtcw758uBDhBdMHHCxsdAU4Qo2uY908XApwguuDjhY2OACeI0TXM+6cLAU4QXfDxwkZHgBPE6Brm/dOFACeILvh4YaMjwAlidA3z/ulCgBNEF3y8sNER4AQxuoZ5/3QhwAmiCz5e2OgIcIIYXcO8f7oQ4ATRBR8vbHQEOEGMrmHeP10IcILogo8XNjoCnCBG1zDvny4EOEF0wccLGx0BThCja5j3TxcCnCC64OOFjY4AJ4jRNcz7pwsBThBd8PHCRkeAE8ToGub904UAJ4gu+HhhoyPACWJ0DfP+6UKAE0QXfLyw0RHgBDG6hnn/dCHACaILPl7Y6Ahwghhdw7x/uhDgBNEFHy9sdAQ4QYyuYd4/XQhwguiCjxc2OgL/D3T1huqI+bU+AAAAAElFTkSuQmCC','asdf',6,'2022-04-08 13:18:34.812266',0,'Diagnóstico Financeiro - Prévia'),(8,'chatbotmcf@gmail.com','dionlan.alves@gmail.com',_binary 'data:image/png;base64,iVBORw0KGgoAAAANSUhEUgAAAMgAAADOCAYAAAB7AU2DAAAAAXNSR0IArs4c6QAAIABJREFUeF7tXQl4FEX2f1XdPUfuEMIpBMJ9SFSQIwkxAURAkVUk3re77rr7d7118RqvFRV1V1fXdb3XA4OALreACUkgsoJyH3KFG3KSTJKZ6emu+n/VSSCEHDPTc9FUf59fZKbq1avfq9901atXrxDwJyAIUAro/Q3DxVrZJLpJhUioSaRUFGmEUxQcSHJjLAkISQqAJCiKJGKy+/H0XXamzNWFadFijdpPUJGbiOBWVeSWJORWVewWCChSNFVqEFXMmCjxJll5f/gGBRDQgHTkPBeKzvP++6X7ttxM0SodsyqiFEFcOIIKSgRQweKNcFVy7H5u9J5qVufmJaNiZEHq5019QqkTI6HOJbjqoFasq46RHHlZeYo3MnjZsxHgBPFyVNi2DTFZHBar0+60Cliw+kKGlpo0WU17nhixoYp9N2PFhFggzr5eqnZW8UbSgOJwgIk4oNLpmJu9TdYr93yqzwnSjrXZ28EUcTxWdZpisOiOVIloDsQAIVHCXtvFG08y2b/JzYyTZKVPINpRgLhEEGsVwVldKURU8bdM2yhzgrSAj0YKoSpeFdwxFJEYUAUciMHaVKYEsO8vY7dUss9uWpQe75YgOdBtElUlKqBqCYTqUqtQycnCp1itjrlTpKDOOIrFmEAPzubyiUD221K3VWhTrGVjOgASegddB+SuxorpJCfLaeTP6zdIIykAOeIVkKKDPSCbtiea3MUzR+0sZ59ds3JkgqiaeoVSH0UAuyijyvOdLOc1QZ7NHXaBINLOoRyIjW0Tq+uAbcSvZezfN+ZmdlRkJSkc9FJV94n5U9YdDgddQqHDeUWQ6lzoCCrQmAmg/VLbtg2JwhV4QCiAb96mSMWDMzN+KdWmWEvGJoJAe4aDXmASd83NyqthuoyfPz5Bdaoo76Y8jcjnw3NeEKR6JSSAColEgkhMwB4zAX5tNO7La4f0das4NtTGJhgdsqVtLtGmWMtTO4mAe4RaJ6Bq1dxJRXsa9UifM74/YBItYlorYKF01bWrtB8aIz+GJkjVMuiATJBIAKKaGtFth18Tp4G2a/3X/IsTFaSE/NdakOjhJ0dvPaFNsVaO6qyo0gUhH3gqOjh3SoH2Vkv7MC0aRZv6N9WJAtQQMJUWZS/XnAtGfAxJkJMFEI9dkEgwtLjwpi4oj58Mxcyg/1o/XDpRKw8EDKZQGpgo5Igta9txbYq1+NIuIJq7h1IfUFQ5vrO88/0RG9xMj8yvMnspAkpoUSeC7aC6SgtvLtTc1EZ6DEWQylyIw25IpCK07aZ1A8RWwRaUDdqu8rMFg3sKICSG0rACVY4+mbHjGNPh2mVjuwqIdgulPuCipXOvXnOQ6TAkZ4YpHsoubE8fjNVqLODSvGvytA1PIzyGIAhdAbHVIiRSCh6vJSQZjkZOAm1APvtj3xjBbfUq9snfxleRfOy59F1Hmdyrv0/rZqaoq7/b8EaeSXXv/mLKOi02bOy8sV2pKnpMWBFolQhi6crslVrozLn8nNMEobkgOjB0lVXo5K0RBASu6CzYBlAfBfvXgoH9Q7kXggV8/KnUTUeYLjMWjukOJqGLt33yV3lFAfuCKwsbHRkoc07mEAUjr0NssKqW4C742Lm8Q3/OEoQtwBUTdBUAvIqabTqIkAX2x6aCtsB86cehnVU3CtnCWFXQieeyNmv7DdcuGXWBIEgh259xOd2H/zttneYwGJNzRQcBZJ939akCTiI6jxVlF52TC/lzjiB0G5icx6GrC0FHvb+YbgL2xAaXr7ZYdzgHA2BRr1xf6mNCS566bOshVnfa8oweJiBevxV9abd5HYWCktjRsb1xcZ4+J70/YP1RBkRAZVVqwrFt2XPPqWjic4ogbKNPUaArFvzncZIR7OqUBdpG2ItrBiURIuomni8DVQW19Lmx27VF8YwVaT2BoJA4DVSRlM0fv/YA0yMzJzNKAeS3jVQMqowVfOxc2mg8JwhCc8FSJUNXkKCDL4OvrTqUQln8eNAGhC33ojgsqgEJM29Pb4yVsqfSdmh6XLs4NUkQcUiI6jaJe7/NqvdCpc4bl4RV6nc9MKgVuBYfy7szz9keLqH+PuwJcnw5dDJT6IpMEJipDwVa6oJt/aaAS1usr71woKJCZLANQxR3uS1rp7Y385ulo3tJWGx5zyGAihFQa+ddUbSTNTH5rcnmmk6uIRTTwIwRAgqRXcfW3rZWix4I1ycwnfdDb5mHyqVCTyeGeD+Ia1OEiOBIVBZom3Qv5Q/qqiLPXZr+0g0RVPH0ZZv3a1Os5SN7A5j8/rZsT1eVoqPzJxVoru/MnMwuCqDAb1YKQqXYQTkYrp6usCQIXQtWux2SWOxUe0b1x/cCgDMqC7YjBPR364dLF9Q6hgIO/CGpproTgErb2C372GfTF6UnYynwPwxntK+qpPiQvHXDvRvcQAGlzcsajIjvHkJv7KIqtBZE14Gi7CKHN/WCUTbsCFK+BGKQBEn+XIh7AiSSYX/spHqX7wvrhvWmMg3qLzjC9OTTaVv3alOsJal9JAHHeaK3/8rgirlX5GtvML2uXV90Ygt4lxx5YN0tS7XNyXB5woogLOqWIEgCBEHXCylQHTsRdjPDhGKxThRSZcvapkXOzlg2pi8gweOoAH8MJneduPfbhhCRjC8y+hFJCPqpSkQQNZnQgXCKEg76QGzNmDW50EWhEPg5bxuj6cwo3yGDFYSt/hh8nshARKl++rIdGkGnLxzVD5uk4A1QFTnmTinYztpuKWrXE/39WUYEeiQvO09bE4b6CQuCVKyAnliAkPj9mxrApEJpxOWg7UW8uKp/d2IyBy3cg4Dbbhu7UwvvuGZxen9RbDkSOSADRlaPz51apIW5pOVM6IlADbktKMila7LrgyVD+YSUICz7YNUPkAwIgjzfbhlySQUS4YbtaAq42Hl1yXJimKqIQcFINLntM0fVE+T6len9iRocgqhUoRVmy2bmRZq8ZLK5tq52MCHBdVC0RgBC0Mm11/+wL5RZI4Ni/JYAoDlgssdCcrA8VZ7+CjV1+b6wZmgfSlBQyIsQqnk6ffMubQ2yNG0AYHTGIS9P9fe2nFslJ7+dslZzDgTNteuFkqJCa0vF0n3bQpTwLnQEWQvWGickqzqCDb3A2eOizOX7ej7ssNmAzFo/PFZ2yLozHHrSuChA7czULdom3fTlYwZiEILi4gbs2DP38g1VYAOc1j9rEBKD49r1BBNWhmJwEuLcFyoXcMgIonV+PUTU2CFZpeB1KLWnAPtSDhMobkzs8NKaQUMDlU2xqW5IpHVPj9m6Q1uDrBg9SCRihC+6e1OHZVlccMXarazOyE/HJ5isJKSphprrLhLqskdG79swdWGdN/3yZ9mgEoTawHQ4BoQeD8GpDaGSXIgSVUjGGCR/dkyPLISgKjYLNJdrsBbrokQcM0dv0zxJM1aOHQwqDbwHrcniPDMns68CKKiu5bZshBTFLYjCvrzs+owq7BmTM8ZaDdVqMKdbQSMIBUDls2EAwiB0iIT96F449atQ+h1Ei2ZIDli8lQ9scZvg18R0sLPFOhbLU3wQ4V0VpDqfSd/ODnDB9GVpQzBCPp9z8bThUpO4iS3O075Li0auMxMyeCojIOUIKLRW3rfm7jVaYg32DF84NcLiqulNZKoW3ZTH1mpBue4haAQ58Sr0wbjeWyVI4FIqobiTrT7MnD1sBx2LkIxEEAICupdCm7p8X1g9qF+g05EKWHE9mbZDm+5cszx1qAg4oNNOgtzV8yau0/ZdwsW1y3QhQFVVtu5ruqM+cfnESLlS7n3qVKPbXVl4c6EWlhPoJygEqZgFPVXxzH0OQsGNCexPfLw+/Q57KlZALAJIRgIEPFl0e8BSFchJEXb0zgJnUBbrAsjPpG7ZwvSasWLMhUCEwGZZaVicZ36caSEWMogIoXftYqwSEzHta3qWnW1cCtFCLwJn4iHK9ETeLXkBz/gYcILUvANdHI6Wd8gJAkWUYH/C/XAq/oZlJjERSHaHINykOWncMhxNbEjs8FL+0GEqQgFbJwkSdT85eutmpsP0pWOHYUwD1hYhbve8yeu0tsb+Z2xXag5+9HJzrFmYiWAm+5pmRBn1+agYSYzoDbjlow5ElA6tvfb7gIbLB5Qg1f+ABJcT2vSMiAKo1AX7OzwBpzJgsPPm1AQ+n4Nu7+3g6fcCAUfUeNiJEJBXCgd0c1FTADONEOWZsds2aVOsZekpIgrQ+Rc2xUX02JyJa47abDa8anDBQAok8A6BdkBXwbm/6bn1CTkTYutA6Y0BtTnlbl7PU9t6Wi5gBCl/C2IEFfq61fYDD0UEBDDsj38QTuVT0gIXcdvk8rSTeso1unxz6AxhZ+HOi/TIaquugIn6ZNq2jdoU6/vUi4DiwK3FqrpunJs9V2W5dl1K6F27ZgcuXnX76TSmmQsy44hKenuyo8/ePMTq2r1m2ukFvT9tFBCCHHoDrJEAfVXi+dlxSQBqp1Dc46H6kHP2sDPohEJIs5w3dfm+8OOgftQdoLtDBJU8k7r9F22KtWTMxThAa4Kmi/NwcO2KCj3Q9Ix6+hfp8Ugw9fbmJCPbLwEH7AnEEV6/E4TaQCyPgr4UfDvs5JKh+IKZ9dnX2WPPh0RVgZDmzlWdsDthClTPWpEcK1siA7KzLlCFPpmx42fW52uXjb5EQAGKAWtYnGvze1NESJPlIVAOFmTX5/5lj55zKCxPsLSd7s2z+ffiUr8T5OSbkOxW9Z2GMwMciHkETqXYt6+BTqoLQpbtvGlih1kFQ1LkAKUGembslg3aFGt5+nB/ThMaZbGUPgsmFWrrnNQvxiVhyf8JGTzVu/kC2y/TPUGoLJy+0q/uX78S5Phr0ElA/hnIFhMcjL4fTv26lCyGLiZraM6LiAjUSICdKAuczxYO6Cb4sFhnbwgQQCZUcoMEslIHbmQC2UzYpA3JtbtUt60hIG9GzhCTJba7VOGuM5kkIiFVNQmCWQKimhRMJUSJyZc3jAvRY/+duOYoc+1CJAxU2lkAezrYvS3X/LzH2JyxiRREv8wSiNN1yJ+JIPxGEPoxWEoqYACm/vO+WCgcin4UTrnxapdBV7cJPM4R663h2ioviXA0MgOO5eTMEHZ2bX+xThSojYgkJ5FZsDcd/P7SqZFETkWOJqIrzqPgxobFube5dv2lM5ODXMrRglvrE0Nob7LPUjthi9l/swMCiuigu/y1HvEbQU6+Br3dKAB5qwgc6fRYfcYR9tR+D93cIgTQ3drycGAu36UVsCs7G9SWdtbZGwIj8SQ1uavkkTsrbcwzF8THRgFvWjUyHoMplipKXPM3TOPifEbODOE4VAwIhWuXquKxNTeu0BJ0s2fUl+M7SyLxe7pXlncrP7v+fL3exy8EOTobOkoQQG+TAEcTH6zPxM6eulXQXUYQtNN+je1iBAdisqDsVDZ4ArJKUGWtDJWzr9hcq9cY/qw/cfmwyCjVGi9QHA+iYGrM1p75ZWZHRURB9wyaAB3/IfsH7dQiewJ99qS5d8xXbHUThEXoVsbAAG9cuj4pq8KxxMfh1K9PXS5cIFMIaoLnMxI7UMDBfkv4hBtLQtFE11AkZBAFeiJv+umwkGBM8ViWlHLovEtvLmDdBKmcDUkK6E8k7YnxEYbjHR+CU79CwTzLzu42JE4ojbsKzulblNg+A7Dz/35ISO2JzZqfLU/77vJuyKUEZYrMEmavnf6Dls7V10cXQaregA4yCW5ICDbBiYT74VSQWuUqSEJ+yPTeGoCCCnVUhFI2tfIV5HCsx6ZaBJNEgoWAHcwiblS29ubTAzTz88wLFBMK6ltfbyiKzwRhG4IVMTCABCn7XtNBJihQ2uGJ+uwj7KnMhV6Igl9z2bILdpAKpbMLoZQdvw3HQa5bJxvg8f3HJ6pYTfTlgpy22hdVWp53Y56Wa5g9GV9l9CCCEPQrHdj9JFJXusvX1KY+E6T8dehBqPc3O+k2aoMAEaAs/pH6rOzsObkaeoOq34tGFVBNACU79kPpiHtBu8DS6M/wfw2XLDEdEqng7tRecKAnWDT3IoX6vAm76Sr/xnzt7hVvH58IUjELYlURAhJy4U0HRAHK4x+sv62WPc6VkKwn2bVJgJITBErZGRBv9DBK2YazIYm6fumb7WaPmzcuSQ7AFQreYm4BYY8vdyb6RJCqN6CvTDy/MNPbznhTXqJQEfconPJ5Vy2DvtTknW5a8uoIOIRGnz6X4o0ORis7asnkGLHO2cPb5NXs8s687DztLD97MnIyehMQgprjuDVbNNfNU5t5TZDKNyFOUSEkl8y01ilJgMq4B0GLwaE2wNWp0Kfdq6AbhFkonDzkgsON94N4CpzRy7EkclUu1wXYTT3KC4bdanX+7vy90LBeS583IRlUNeBXV3hjB1Gie729otprgpS8Cv0Qbucecm+09lNZiqEqsRr2IRsQmgOCvQP0Ibjt7ISqE04kTDntEfOTKoYS45HniWB7V9xhLztjwvJrpQ4c1xtjz4gVTLDYPe751+Vr5/A9fbwiyMmXId4tQbKnwoNdjhKoTuwF+1A2qOwCHjuFPgTgrAyF7Ly5IMIho7luA4V35sLMjqSGMC/UWbkCtDDzRLqXeYlYGMsJ94nkUGSG97jvbve+wpsLPd7L8oogpa9Df6DByRnrcYebF0Rg72jX3iQKXQ+S3Q59CD19NoXta8huOMLOd/jcxnlYkZ0fMYvm7k33TURMa+3l9r3s0p3M3ExROaEkB2sD0mcTEGwvvGFV4x3w7YrxmCCh2BRsV/vWV2Q1Ha2wD90LbnZtdMUx6CtgsAKBylIZjvD1hm/IsnWJ3eHuztYWCBRHF+iyZ272XFlzE8fHJKMW3ta+tRTYWiqY9hdlL/fo3naPCVL6NxgAytnTlcB2xXfpZoDa6J7adEvenwuWzgQSIsafDlPxXTKvOS5nXHdSS8pZSPmMnBmmUlyarBAUnFzCfoCfTQvXZOdqicLbezwiiCfZSdprKBTfYwBHdQ3s6207P/c1Ao052zdRI9VkCmLIs6J421eziIs9ucnKI4KUzYaBvp4x91Zxf5dvHuDob/nnszz2JpGBBv3YgT8wZ+unvOvytGz6bT3tEqR6NnR0BfKsR3sa6vi+6f6IDjG8ahsIpM4Z1yccXbqeGM2TMyPtE4Qlf3NBQth7r5ohggSoqxRgX7/7weUJWLyMbwiwhXtNTU2fc26aRbDdbILy9qZZ7RKkEbbSVyBaIZAgSv6NmvXNLG3XogiIIMHepilNA9EOl1mPwPCcCbGRqpwcDvl927MJizJ2R7jLPU005zFBGhtmJwjLYiFBUCBBReF18U2jjs3TBrUHGv9ePwJ+T76gX6VTEtjpQlU1l8eUiuVL71/q1YyiVYL83BcSBTc8ijAsGrYf8lvQF1W9AfEyhY7hNP3CKpxIeJyHj/hxfHksKlRnPlpTUNvlV2h53k15LBHhWfeJZOZkRmHAsWQ7OdFawrlWCbIpCe4DBO80NL4EABZRBf570eGz9xJK3oEoyQEJSIAET3Lxeoy4lwUlE5yMux+0Cyn5ExoEQp3OlOXqRVipdMmu8nW3rDsrWiLTlikKw4RYh0zjGp0LbS3WWyXI5l6QSwEym8JMAQ4AgkVAYeFFxbC8uQl2vwXmrk6Id4mQEOyThhiDs0KEPXxRHhpiNLaqRQFXO/phjAJ6AVDzXrL8vC6MK+OizGVLp5w9jWKX8ChVSpxLoXHNLyrVIpFvbjmIsUWCaNMr5XTCtlYgz0UUFskAX404cDolDyvL7j+vfhPiXQokBCvyF5tgN1+Uh5Ycja2zRbsV1KAcqDs1jboxr7z5feoseLJCrIhr+rZoDSFxO93U0jSrRYI0m161h3oJAlhEKCy66AAsaF6Yeb8EM8QjFRIUGpibozCCkoSHwacjle11jn/vGwKBXI8golCEUaVLjixvelVbo6YTP5sYabcocRIoHZrfTNVab1qLz2qRIJt7wXIKMNEHaNax6RfG8MGF++HEGdOzt8Bc6oR4wc/TL0pAra2DnTycxAdrBbCKNtWqcQzyxxn3RjUJoS6KcaW5IQ6sqfrevC1a7HYria/PIoiH06u2oaVQAwgWEoCvLy6G75oWttkA32OC+GgLxPvl2K4ZjiX+3+mEcgG0ORftJQJpX6V1Q4IfbuUi2I6wXFmwvaC88cRi87eFQGjH1q5q81TtlqZZZxFkUy/4AwC866lQD8ptZgt7VYC/XbLndLZ2Vq9x+qWokIB8mH6x23L3WWDX+ZJ9xAOsw6oIOyMCJ2CgLymF2IWe2I0rRUGsbJ5sgb0tDjgq4kxmV4I/z5+0NM06iyAbe8ECBPCbACCtMlcxIPgwZT8sbCp/vw0sUbEQj1WIJwAeR4ZaRTgc9cCZU7kA6M1F6kAgdf7ETlhxe5y9nWJwglusJEJNZVF2kaNp02xtIWM5XhVxJ29uoPJU/ZaSXp9BkIbpFUujE7Bse0xZSmEPwpBjkuGNQUdO3ybFEi7YO0I8lduffrFYq39UwS7DJnXz1KrhXo4Cyvg6Y2B7GRzZeXFK6MnxM8aX25DtVKI+9rY4DNWxZuzqFOgzJ1hVCd6FtzT1Zp1BkE294HYA+CSYmCOA71UKb118ABY3bZddAoplYHlk4xUVzrrQkoeTBNNK+tpq7fYobUBCy9Oo4QunRpiraxODfQtW82lWc4J8AQA36YPD59pHKIWPMYU3hh08nSCaXcxTdrLZ9AuBPfFh8Phcsc8a8Yp+QyDjm4x+hAgx2gxCAScguZII5IxplI3a8Kq5qxIIFjt5m5PLX4o2n2adQZDNSbCbotBnTAQKKxHAG8MOwNLGjufMACF9FMSLBOIdKpQl/eXczrLuL4OeK3K0q53rSCJGuDJRTKzUUgQ1PGxt4bQ4O4VDkjm2I593Q97WRt1OEeTn3pAk0NNpPMME+AoE8I9IDG/02QdVYaITV8MPCNhsNlxwcUGiXCt3pqIo+UGk30REH7dsbYz6PUWQjT3hKoTP9C75rUU/CKIA3wPAGy3FgPlBPBcRJARY+iCrydpJARQbpCa9bqZpBsbTBOkFTyCAl72WFuwKDohKOQFhdd1ZsCE4Z9uzAU4fnHVxuOuPBOVowfT6i0ZPEWRTL/gSAG4Mc+WLU4qDe2FPmONxzqmX9k3WkFAtwD0FixB0cu0NP2jHJpoShOUJ6u+pkJCUo/BaygF4LCRt80b9gkAw7ifUq2jThbpGEL/EX+nVyoP6AoaRQ/fBTx4U5UXCFIExOWOsAlgGh6l6p9RyVFZvZilVNYJsSoJxgGBVmCstpxSH5xn4MMct7NTL+CbjYkLOToQdToq6oyy7101ZWq0RZGMSPIwQzA4nBc/SBcG8lP1wXVjryJXzCIFwuXWqLWVFoEfysvOO179BzoEFOgG48+Li4IbBeGRtXshrBNimoeJGYXUJ01mdcAuVhTev3NdIkPBfoHP3rtcDMWwrnAPuXnY4a+0NeVvR+uEgSeUghy2Y9YoVpRRDapjryNXzAoH0OeP7AybRXlQJetHCGbk/o+1J0NWNwv5E3syU4nNgEzPoJjx3G8zMyeyiAOoezj2ohJItaEtvGEYobApnRVUKqZccgKJw1pHr5h0CLECxzuIe6F2t4JZ2WKN2oHPCxStCj5Q9PFticIdHYFtjt1JZ42OGBbYVfdKZqxdt7AXXI4A5+kQFtDbf/wgovKETPnbO2EsoFr3ODx0sjc0OXIw2J8EfKYJ/BKtRH9rZn1Icvjfr+tAfXqUBgdQ5mUODnYHRG/DNCj6MNvWCZwHA5k3FIJctSCmGjCC3yZsLAgJNTxkGoTmvmxBleoJNsd5DAPd6XTt4Fb5KKQ7ZMeDg9fI8bCl13rgkrNKO4dp1dpcIe4N8CwDTwlVJoDA75QA8Grb6ccV8RiDcI3tZUmtGkB8BYJTPvQx8xQdSiuHvgW+GtxBsBDIXZnZUHCgp2O162h4mah0jyAEA6OlppaCXo3BdygGYF/R2eYMBR2BCzoRYZ5CywPvSGXYzFSMIu5LK5IuAINUZnVIM64LUFm8miAiw3FdWR82gIDbpVVPaZTybesJ4wCABAomS+r+Ygsj+Nv+MNnxGGsqx71FjWQJS4/faZwAsU0X9f43lGv5Nm/xFcGZZ9t0Zn7mhR8oRvknolWXPkcKNm4XaQKQKVQRMMft/gikS3RQTTN0EUSxiiohb+8v+zb7HDd/L7P8lTLEqU6xiKpswRSqmAvu3iX2OqUsVKDY5qaAK2jVsDkWgguKggoX9FbS/dYpIBXctFSNEKrpFao+SqOiupmG7SXOO2JiraXAEOEEMbmDePX0IcILow4/XNjgCnCAGNzDvnj4EOEH04cdrGxwBThCDG5h3Tx8CnCD68OO1DY4AJ4jBDcy7pw8BThB9+PHaBkeAE8TgBubd04cAJ4g+/HhtgyPACWJwA/Pu6UOAE0Qffry2wRHgBDG4gXn39CHACaIPP17b4AhwghjcwLx7+hDgBNGHH69tcAQ4QQxuYN49fQhwgujDj9c2OAKcIAY3MO+ePgQ4QfThx2sbHAFOkAYDU0rRz0Nibxbrqj8hkpTr6pA0ffS6PdWe2v+XzF5xuKT8HnA57gKi9AXKMrogB0jiBmKy/lO1RH07YsPROk/l8XLhgQAnSIMd1k8dM1A8sHMFqq68QE0eeLT2ytuy0h/6y26EkJYqprWHEWvjxR0mI3v1p0hVW80zSyXTNojrcP1FPx3fFh6m51p4ggAnCADkTh3eMe7gvm9xVWUaA03pO6Ss5srbMjIeeGxnWwRh5Ng0sks2qij7DFRVS75HrZHgHjaKkOg4Kh7cjcW9OxCoSr0tzNZDcodO0y4tOvCLJ8bhZUKPwHlPkNwZmVFxe7e/hytKbm40h6cE2XDl6EHCgR0rUE2Vdteea+wUpe6G+w7RiMjNCKEqSmmScGjf4KgPZnUUDu7WsCbxiWsdfS+Zmjp3eUXozc81aA9oCkZlAAAOsklEQVSB85og6zP7d5TKj38A9uozstt7QpDc3Fwxxnbv38UDv97HQHYPG63U3fP4XDU67lUAOCyKokoptSiKcolQcuTZ6LeeHiEcLUYgiKrcZ/C9i1Ov/dhms5H2DMS/Dy0C5y1BfhrR7WKTveILcDnPyg3rCUHW3n1134hffixAFSVdqGSC2nuf/FEenvHb6OjoXSNGjHA3mnXt2rVWp9M50vr9N59EzHm3F/tc7dZzfW3GlRPHzvpnZWjNz1tvD4HzjiDM24RKyp5Hjto/AKUshzAo/S+kztSJctQnr5s9WYPk5OQIyQv+dYv0U/5HoLixmtTPXffbmfdXxnb8bOrUqWd5qlasWBFr2bX5megPX34AVZZhEh3nkIenXTHy40WF7TkB2jMg/z6wCJxXBGEDu/+bDz+Ljh16WoMVY3BlXCk7bvj9OunHVRWRn7yhTbXae4Pk5uZaov8+8z1pY9Ht2vRqZFZJ9V2Pjyurrt6ZnZ2tNjfZ+vXrJceOLeOtn/9tnrRrUwTFGOQxlz+CH3zpraZvm8Camkv3BYHziiC5ublRkR++8oW5cNnVavfetO6W+8vdAy/6FmP8rmX+R7davvv0QU8I8uOSJTHSW3/JFXduuoSVd06asaHu+vsmZWVllbVkBJvNhseOHNk75uNZ+aaf8ruxMvKIyz53P/Ty71JTUx2+GI7XCQ4C5xVBCgsLo6XP/v4Zje+Y6cy6egdYrG+7XK5VAFAbu/ALm3XRZ494QpDVLz7UI3rV4iJh/y7Ne1V3zZ3z1el335Genm5vzWwrV65MiPnolXzz2hWDtTYGXbze8eTb49qqE5whwFtpC4HziiALFy6MiIqKyqaUdhAEYaEkSYfHjBnjzMvLM0fM//h5y8LPtLsQ25pisb2PwhceHha5dN5q4diBWFbeMf2ed0ozpz3W0vqjEXy2DonJ+dciy4pv0rVpWcqYnfYH/jomKyvrJB+i4YvAeUUQNrgXLVpkjYqKwqtXr65rdLOyNYWnBGHTpStw7RjLws9X4NJjVo0gV902m9z0+2fami5pb68PZs215C26QiNh74FHqzMuH5X13NuHWxseTN/Ng2MeobLjRtQ5aVLK2r0lbQ2l/13aq4up4vBiZLLOGba9enZzBwC12fDm+W9nQm3Va6AqKQBIpmbzfCUqfuaIDccONpXtTdnwHd76NTuvCNIaXN4QhC30e+zdPNYy78NluOyY5vVyTr3ttbpr73wmKyvL2VobjCCmf7+SY169cFL9W2poafWkmzIyH/7LrtY8WbmzbR1jvvvPKprYzVp1z18mF/zvf/tb2ztZ++AMq7Ww8ANceuwmV9rEBZW3PXzrFVdcUduoz6ld//KyT9XuSQ7nuGtqcGWJYP3+m3gKcNDdMXHypYUH97Hy3pTVPwTDWwInCAs18eINcoog8z9ahkuP6iBI2+EsbJD+eNd1I60bclc6JmcX1V5+3Y0TJkwob2k4LZ84LLJz6bFZ6GTZH4FS5Lps6jL5t49nN13frJsysr/50K8rlW4942r+9PwGEhmzAiHUQdqz7aqoNx9PpjEJX6t3PnnXiHvvdXtTNryHt37tOEHClCBspz7yvRf/aNr58ys1dzz2UmXfoa+3tMb5aUTnoZK9+kMkOy9V+wx2C3u2mZoThMmKfvOJP0tbfnqt7rY//yKP+809tbW1e61Wq4m66sbFfPDKe8KvW5Cr39DLHH96frunZUfPK9isfwiGtwROEB8I0q3s0KURc/+9Qti/M8rXKZZ86WWHTv7uqfQJEyYcammKxXbgzc/9IQeApjluf/R6S/9Bec33TAquTI+PPrx9KdTaRziy7z1J4xOrI995tndzgjDnRNd3n5kvHtw9ofbWB1+XR417ISsrq4a9pVasWNE1dsHHzHmQ4hpzxe/Lbrzv605vP5njSdnaux7+OCsrqyESM7wHuq/acYJ4SRC2SJ/YNWGIed77q8Vft8RrBLnyxjfqrvvdk+2tQcyzH1tm2rg2ldWRh4/dVf7bJ1MnTZrUYtDizw/fnQRrvl/jHjy8qu7WP1+5evXqg03XH5o37Y2X+5k35s93TcwW1R7JX1uXzOlmyXnvnuYEWfmPfyTELfx3oVBeklx7+0N3Hu2c9E12drbM9GBrI2HhF+9FfP3Pm+TUy9+pHH/DXzvkvLXKk7Kltzz48JQpU9g14oZ9OEG8JAgbmD8sWdIz5qNXCk0b8i/QBvvIcXPcD7x4V1terNwFC+JiPvrrGnHLT9o+iPOKGUV1N9w3pSU3LyPhlOL1V5rW5+c4sv/wTc2YCX+6/PLLq87wMlGK8vLyOgPAHQihdZTSHZb5Hz0SsfA/D581xXr5iV6xK75dA/aqDq7se6ceShqc27jjz95UOOf9v1q//eQBtrh3jpr4VNS3H6zwpGxzR4ARWcIJ4iVB2CBgm37Rc/+13LJ87nDNIzUw5Wf3/S9njZ4ypdUTiAVP/CE5smBZkXBkfycW4lJ70/99RibN+FNLG4U5OTmmXl+//ZJ4cO8fHb994s9yvwv/09LbiRFpwoQJkRaLxSnLsih89d5zbC+nKUEYofNef3lAzLLP81FVZbTr2rsnH+ozrKCRIE0dFK6MKUvVzGlPmb78+zJPysq/m3m90Tc6OUF8IAibluBV374d8flbtyO3DGr33iX2MeNHXzb7g/0t/YqygTypdNd4S8HShaj6pJnEdSQ1t/zfY8rwjHdaGvgrZs2K7bD845UkNqGH855HrzxW597YUoxX07bOGOhNvFiMIPl/e3Vg1OJPV7c76C+buoxkXf2U9PmbSz0p29xTxt8gRkTAB4KwwSjt23VzxCev/VM4tFcCUSLyhaPuXJwy4fOW9ilYsCK13feSaev/tJ16OWWMvfauR6ZFdU8qbL7wZgO66N7sodb1eQWuzKu31ky5cfr48eNL2ov6bYsgq778snfc12/ni0eLE2qn3XHlkQGXrD7jDfLN+y9ZFn/1kOM3d3ztyLj6xehPXl3mUdlpt9/DFvsGHRZat/gbxAeCsL2QzvHxgy0LPlxsWTKnBwOSJHb7xdV3xOTRX/33RPMBs37amAvFPVvzUK29gza9uuXP61xZV1+XmZl5pPnAZ7J7f/fB7dLmde/W3frA2/aUVFvTDb/WBmNrBGHlly9f3qnDJ7PzpM1F/eTLrrqlOPNatkjXoo7ZGkT621MfmX4uuN55/e/frBn3m7diPpi11JOyJaMnPt1WeI0RiMMJ4gNBmOFzc3PjxP07Z0W9+/xvcdkxrJEkKno1iu5680VFvx5pHBzrRyddIp4s+QY5Hb3ZZ+5ho101dzzymCsy+sOWBj4b6DGvPvwJ1NVMtt/1yB0l1rjFjR6ntgZcWwRhcWBRq+Z9ac15f4pr1ISXDlxzz/ONMgvefTc+YsE7uehk+eC6Wx68v3bgRfNjchd87EnZ6n4Xfsy9WEb4GWinD97spJ8a+OvXS9XV1SPNP+V+Gvnhq32Q3ODtRNhJRSkficI+UJSLQHGPaDyYRTp0ojW/m7la7nfhPQUFBS2Gjayf+UBXlP/fApI8AOrufmJybm7uXk+O5rZFELYPEnu0+E9Rn85+AVRlL0nJGj/i/c+PaamOpo68Sti9ZZ48+vKyulv/PK1OlndFHdr7e0/KUkH4he+DcIK0mvaHLdYVl+sGafOPz0V88npXXNV6HgZ2/qTm7sd2Kr0GPOp0Ole29MvLFvNXHt6aIf1v5eK6abcvVyded/fYsWM9OpbbFkHYTjohZJhl3apPIz96bRASpR3EJP0dAF2AHbUPKYndpNo/PPNVXWL3R8xmc7WnZVvbwzHSkOFTLB+nWGwQaJt1hYVxiqJMYwPNVLC0nzl/iVk4fkhL9UNNZlD7DCLOy66uk1NGb6Jmy8tutztv4sSJdS0tutliHmY9/IS4d/vMmrsenYmHp7/n6YGqtgjSMCWMAkIYmZ+M+PqfHcUTRyKoIKiui9Pszhm/36EmdmFnYdazNwI7WOZpWSORoaW+cII0EAQhNJVS+jxCKIJSuhYAHm1pEd0cxMYQeqvV2gtjfB1CaBJCiB2kYufdWXTvHkLId5TS5S6X63Bbc3Y2yBFC11BKbwKA5wBgo6dTmIa6rA+PAcAcWZbfax7Ny8isqupVlFJ2VJhtMrKF+i+U0vecTufGRt0aie9JWU4QoyPQ8CYoKiqy1NXVxQiCgFRVdVdUVJxsb++hKTTM+9StW7cIQoilgRygqiqbnik1NTV1GzZscLa3lmhyXiUiOjq6ypvz6pp7uKjIYrfboyMjIx1paWk1Z50HaSijKAqLIROZfqIouhRFsTcnYqM8T8oaeYjwN4iRrcv7phsBThDdEHIBRkaAE8TI1uV9040AJ4huCLkAIyPACWJk6/K+6UaAE0Q3hFyAkRHgBDGydXnfdCPACaIbQi7AyAhwghjZurxvuhHgBNENIRdgZAQ4QYxsXd433QhwguiGkAswMgKcIEa2Lu+bbgQ4QXRDyAUYGQFOECNbl/dNNwKcILoh5AKMjAAniJGty/umGwFOEN0QcgFGRoATxMjW5X3TjQAniG4IuQAjI8AJYmTr8r7pRoATRDeEXICREeAEMbJ1ed90I8AJohtCLsDICHCCGNm6vG+6EeAE0Q0hF2BkBDhBjGxd3jfdCHCC6IaQCzAyApwgRrYu75tuBDhBdEPIBRgZAU4QI1uX9003ApwguiHkAoyMACeIka3L+6YbAU4Q3RByAUZGgBPEyNblfdONACeIbgi5ACMjwAliZOvyvulGgBNEN4RcgJER4AQxsnV533QjwAmiG0IuwMgIcIIY2bq8b7oR4ATRDSEXYGQEOEGMbF3eN90IcILohpALMDICnCBGti7vm24EOEF0Q8gFGBkBThAjW5f3TTcCnCC6IeQCjIwAJ4iRrcv7phsBThDdEHIBRkaAE8TI1uV9040AJ4huCLkAIyPACWJk6/K+6UaAE0Q3hFyAkRHgBDGydXnfdCPACaIbQi7AyAhwghjZurxvuhHgBNENIRdgZAT+H4U/GQhYc+RVAAAAAElFTkSuQmCC','dionlan',1,'2022-04-08 13:19:40.842364',0,'Diagnóstico Financeiro - Prévia');
/*!40000 ALTER TABLE `email` ENABLE KEYS */;
UNLOCK TABLES;

--
-- Table structure for table `item_response`
--

DROP TABLE IF EXISTS `item_response`;
/*!40101 SET @saved_cs_client     = @@character_set_client */;
/*!50503 SET character_set_client = utf8 */;
CREATE TABLE `item_response` (
  `id` bigint NOT NULL AUTO_INCREMENT,
  `question` bigint DEFAULT NULL,
  `person_id` bigint DEFAULT NULL,
  `item_response` bigint DEFAULT NULL,
  `person` bigint DEFAULT NULL,
  PRIMARY KEY (`id`),
  KEY `FK16odcycpvwua7s2r4t3udvi6y` (`person_id`),
  CONSTRAINT `FK16odcycpvwua7s2r4t3udvi6y` FOREIGN KEY (`person_id`) REFERENCES `person` (`id`)
) ENGINE=InnoDB AUTO_INCREMENT=13 DEFAULT CHARSET=utf8 COLLATE=utf8_general_ci;
/*!40101 SET character_set_client = @saved_cs_client */;

--
-- Dumping data for table `item_response`
--

LOCK TABLES `item_response` WRITE;
/*!40000 ALTER TABLE `item_response` DISABLE KEYS */;
INSERT INTO `item_response` VALUES (1,1,1,2,NULL),(2,2,1,3,NULL),(3,3,1,5,NULL),(4,4,1,4,NULL),(5,16,1,NULL,NULL),(6,17,1,7,NULL),(7,1,2,2,NULL),(8,2,2,2,NULL),(9,3,2,6,NULL),(10,4,2,4,NULL),(11,16,2,NULL,NULL),(12,17,2,7,NULL);
/*!40000 ALTER TABLE `item_response` ENABLE KEYS */;
UNLOCK TABLES;

--
-- Table structure for table `item_responses`
--

DROP TABLE IF EXISTS `item_responses`;
/*!40101 SET @saved_cs_client     = @@character_set_client */;
/*!50503 SET character_set_client = utf8 */;
CREATE TABLE `item_responses` (
  `id` bigint NOT NULL AUTO_INCREMENT,
  `item_objetivo` varchar(255) DEFAULT NULL,
  `item_response_id` bigint DEFAULT NULL,
  PRIMARY KEY (`id`),
  KEY `FKf6gnnd7uwup8qed7ub10c1bey` (`item_response_id`),
  CONSTRAINT `FKf6gnnd7uwup8qed7ub10c1bey` FOREIGN KEY (`item_response_id`) REFERENCES `item_response` (`id`)
) ENGINE=InnoDB AUTO_INCREMENT=16 DEFAULT CHARSET=utf8 COLLATE=utf8_general_ci;
/*!40101 SET character_set_client = @saved_cs_client */;

--
-- Dumping data for table `item_responses`
--

LOCK TABLES `item_responses` WRITE;
/*!40000 ALTER TABLE `item_responses` DISABLE KEYS */;
INSERT INTO `item_responses` VALUES (1,'1',5),(2,'4',5),(3,'5',5),(4,'7',5),(5,'8',5),(6,'9',5),(7,'10',5),(8,'11',5),(9,'12',5),(10,'Outros Objetivos: asd',5),(11,'5',11),(12,'7',11),(13,'8',11),(14,'10',11),(15,'Sem Outros Objetivos.',11);
/*!40000 ALTER TABLE `item_responses` ENABLE KEYS */;
UNLOCK TABLES;

--
-- Table structure for table `items_question`
--

DROP TABLE IF EXISTS `items_question`;
/*!40101 SET @saved_cs_client     = @@character_set_client */;
/*!50503 SET character_set_client = utf8 */;
CREATE TABLE `items_question` (
  `id` int NOT NULL,
  `question_id` bigint NOT NULL,
  `description` varchar(255) NOT NULL,
  `note` decimal(19,2) NOT NULL,
  `item_response` bigint DEFAULT NULL,
  PRIMARY KEY (`id`),
  KEY `fk_question_id` (`question_id`) /*!80000 INVISIBLE */,
  CONSTRAINT `fk_question_id` FOREIGN KEY (`question_id`) REFERENCES `question` (`id`)
) ENGINE=InnoDB DEFAULT CHARSET=utf8mb3;
/*!40101 SET character_set_client = @saved_cs_client */;

--
-- Dumping data for table `items_question`
--

LOCK TABLES `items_question` WRITE;
/*!40000 ALTER TABLE `items_question` DISABLE KEYS */;
INSERT INTO `items_question` VALUES (1,1,'4 a mais pessoas',0.00,1),(2,1,'3 pessoas',1.00,2),(3,1,'2 pessoas',2.00,3),(4,1,'1 pessoa',3.00,4),(5,1,'ninguém',4.00,5),(6,2,'até 2 mil',0.00,1),(7,2,'de 2 a 6 mil',1.00,2),(8,2,'de 6 a 12 mil',2.00,3),(9,2,'de 12 a 20 mil',3.00,4),(10,2,'acima de 20 mil',4.00,5),(11,3,'não possuo fonte de renda regular',0.00,1),(12,3,'gasto o que recebo e ainda mais de 25% desse valor',0.80,2),(13,3,'gasto o que recebo e ainda até 25% desse valor',1.60,3),(14,3,'gasto o que recebo, não sobra nada',2.40,4),(15,3,'economizo até 25% do que recebo',3.20,5),(16,3,'economizo mais de 25% do que recebo',4.00,6),(17,4,'nenhuma',0.00,1),(18,4,'baixa',1.33,2),(19,4,'média',2.67,3),(20,4,'alta',4.00,4),(21,5,'não possuo fontes de rendas extras',0.00,1),(22,5,'possuo fontes de rendas extras mas só esporadicamente',2.00,2),(23,5,'possuo fontes de rendas extras regularmente',4.00,3),(24,6,'estou insatisfeito(a)',0.00,1),(25,6,'estou normal',2.00,2),(26,6,'estou satisfeito(a)',4.00,3),(27,7,'não sei exatamente quanto ganho',0.00,1),(28,7,'sei quanto é a minha receita bruta (antes dos descontos)',2.00,2),(29,7,'sei quanto é a minha receita líquida (após todos os descontos)',4.00,3),(30,8,'não conheço minhas despesas',0.00,1),(31,8,'conheço somente as minhas despesas básicas',2.00,2),(32,8,'conheço todas as minhas despesas',4.00,3),(33,9,'nenhum',0.00,1),(34,9,'pouco',1.33,2),(35,9,'suficiente',2.67,3),(36,9,'total',4.00,4),(37,10,'compro sem pensar muito, não gosto de esperar',0.00,1),(38,10,'faço algumas avaliações antes de comprar, consigo esperar um pouco',2.00,2),(39,10,'planejo e pesquiso pelas melhores condições antes de comprar, ainda que demore um tempo',4.00,3),(40,11,'pago a maioria das contas parceladas',0.00,1),(41,11,'pago as contas de forma equilibrada, uma parte parcelada e outra parte à vista',2.00,2),(42,11,'pago a maioria das contas à vista',4.00,3),(43,12,'não consigo mais pagar as minhas dívidas',0.00,1),(44,12,'consigo pagá-las com dificuldades e as vezes fora dos prazos',1.00,2),(45,12,'consigo pagá-las com dificuldade e sem atrasos',2.00,3),(46,12,'consigo pagá-las sem atrasos',3.00,4),(47,12,'não possuo dívidas',4.00,5),(48,13,'menos de 1 mês',0.00,1),(49,13,'de 1 a 3 meses',1.00,2),(50,13,'de 3 a 6 meses',2.00,3),(51,13,'de 6 a 12 meses',3.00,4),(52,13,'mais de 12 meses',4.00,5),(53,14,'não sei do quanto vou precisar',0.00,1),(54,14,'tenho uma ideia do quanto vou precisar',2.00,2),(55,14,'sei muito bem do quanto vou precisar',4.00,3),(56,15,'não invisto para a aposentadoria',0.00,1),(57,15,'invisto menos do que precisaria para a aposentadoria',1.33,2),(58,15,'invisto o suficiente para a aposentadoria',2.67,3),(59,15,'invisto mais do que o suficiente',4.00,4),(60,16,'não possuo objetivos definidos',0.00,1),(61,16,'tenho alguns principais objetivos definidos',1.33,2),(62,16,'tenho objetivos definidos mas estão só na cabeça',2.67,3),(63,16,'tenho objetivos definidos e anotados',4.00,4),(64,17,'não sei o quanto vão custar',0.00,1),(65,17,'sei somente para poucos dos objetivos',1.33,2),(66,17,'sei para boa parte dos objetivos',2.67,3),(67,17,'sei para a maioria ou totalidade dos objetivos',4.00,4),(68,18,'não invisto para alcançar os meus objetivos de vida',0.00,1),(69,18,'invisto menos do que precisaria para alcançar os meus objetivos de vida',1.33,2),(70,18,'invisto o suficiente para a alcançar os meus objetivos de vida',2.67,3),(71,18,'invisto mais do que o suficiente',4.00,4),(72,19,'não realizo',0.00,1),(73,19,'eventualmente quando sobra',1.33,2),(74,19,'frequentemente',2.67,3),(75,19,'todos os meses',4.00,4),(76,20,'nenhum',0.00,1),(77,20,'pouco',1.33,2),(78,20,'médio',2.67,3),(79,20,'muito',4.00,4),(80,21,'nenhum',0.00,1),(81,21,'poucos',1.33,2),(82,21,'para a maioria das situações',2.67,3),(83,21,'para todas situações',4.00,4),(84,22,'nenhuma',0.00,1),(85,22,'baixa, conheço somente o básico sobre finanças',1.33,2),(86,22,'média, sinto que tomo boas decisões no dia a dia',2.67,3),(87,22,'alta, tomo boas decisões financeiras',4.00,4),(88,23,'muito negativos',0.00,1),(89,23,'pouco negativos',1.00,2),(90,23,'neutros',2.00,3),(91,23,'pouco positivos',3.00,4),(92,23,'muito positivos',4.00,5),(93,24,'gastador(a) - gasto sem me preocupar',0.00,1),(94,24,'desligado(a) - não me preocupo com o dinheiro',1.33,2),(95,24,'poupador(a) - procuro otimizar os gastos e poupar dinheiro',2.67,3),(96,24,'investidor(a) - invisto o dinheiro poupado',4.00,4),(97,25,'discordo totalmente',0.00,1),(98,25,'discordo',1.00,2),(99,25,'neutro',2.00,3),(100,25,'concordo',3.00,4),(101,25,'concordo totalmente',4.00,5),(102,26,'nenhuma',0.00,1),(103,26,'pouca',1.33,2),(104,26,'média',2.67,3),(105,26,'muita',4.00,4),(106,27,'aumentar as receitas',2.00,1),(107,27,'aprender a gerenciar o meu orçamento, receitas e despesas',2.00,2),(108,27,'consumir de forma mais consciente',2.00,3),(109,27,'quitar as minhas dívidas',2.00,4),(110,27,'definir e ter mais clareza dos meus objetivos financeiros',2.00,5),(111,27,'montar minha reserva de segurança',2.00,6),(112,27,'juntar dinheiro para a minha aposentadoria',2.00,7),(113,27,'investir melhor para alcançar os meus objetivos',2.00,8),(114,27,'estar mais protegido contra acidentes e imprevistos',2.00,9),(115,27,'melhorar a minha educação financeira',2.00,10),(116,27,'melhorar meus pensamentos e emoções relacionadas ao dinheiro',2.00,11),(117,27,'comprar algum bem pessoal ou imóvel',2.00,12),(118,27,'Outros',2.00,13);
/*!40000 ALTER TABLE `items_question` ENABLE KEYS */;
UNLOCK TABLES;

--
-- Table structure for table `person`
--

DROP TABLE IF EXISTS `person`;
/*!40101 SET @saved_cs_client     = @@character_set_client */;
/*!50503 SET character_set_client = utf8 */;
CREATE TABLE `person` (
  `id` bigint NOT NULL AUTO_INCREMENT,
  `name` varchar(255) NOT NULL,
  `age` int DEFAULT NULL,
  `email` varchar(255) NOT NULL,
  `phone` varchar(16) DEFAULT NULL,
  PRIMARY KEY (`id`)
) ENGINE=InnoDB AUTO_INCREMENT=3 DEFAULT CHARSET=utf8 COLLATE=utf8_general_ci;
/*!40101 SET character_set_client = @saved_cs_client */;

--
-- Dumping data for table `person`
--

LOCK TABLES `person` WRITE;
/*!40000 ALTER TABLE `person` DISABLE KEYS */;
INSERT INTO `person` VALUES (1, 'dionlan alves', 32, 'dionlan.alves@gmail.com', '(61) 98255-1566'),(2, 'asdf asdf',  31, 'asdf@asdf.com', '(61) 99999-1566');
/*!40000 ALTER TABLE `person` ENABLE KEYS */;
UNLOCK TABLES;

--
-- Table structure for table `pre_diagnostic`
--

DROP TABLE IF EXISTS `pre_diagnostic`;
/*!40101 SET @saved_cs_client     = @@character_set_client */;
/*!50503 SET character_set_client = utf8 */;
CREATE TABLE `pre_diagnostic` (
  `id` bigint NOT NULL AUTO_INCREMENT,
  `classification` varchar(255) DEFAULT NULL,
  `final_note` decimal(19,2) DEFAULT NULL,
  `person_id` bigint DEFAULT NULL,
  PRIMARY KEY (`id`),
  KEY `FKlw5bqax9ck37dd5g5dxbsuloa` (`person_id`),
  CONSTRAINT `FKlw5bqax9ck37dd5g5dxbsuloa` FOREIGN KEY (`person_id`) REFERENCES `person` (`id`)
) ENGINE=InnoDB AUTO_INCREMENT=3 DEFAULT CHARSET=utf8 COLLATE=utf8_general_ci;
/*!40101 SET character_set_client = @saved_cs_client */;

--
-- Dumping data for table `pre_diagnostic`
--

LOCK TABLES `pre_diagnostic` WRITE;
/*!40000 ALTER TABLE `pre_diagnostic` DISABLE KEYS */;
INSERT INTO `pre_diagnostic` VALUES (1,'RISCO',10.20,1),(2,'RISCO',10.00,2);
/*!40000 ALTER TABLE `pre_diagnostic` ENABLE KEYS */;
UNLOCK TABLES;

--
-- Table structure for table `question`
--

DROP TABLE IF EXISTS `question`;
/*!40101 SET @saved_cs_client     = @@character_set_client */;
/*!50503 SET character_set_client = utf8 */;
CREATE TABLE `question` (
  `id` bigint NOT NULL,
  `description` varchar(255) NOT NULL,
  PRIMARY KEY (`id`)
) ENGINE=InnoDB DEFAULT CHARSET=utf8 COLLATE=utf8_general_ci;
/*!40101 SET character_set_client = @saved_cs_client */;

--
-- Dumping data for table `question`
--

LOCK TABLES `question` WRITE;
/*!40000 ALTER TABLE `question` DISABLE KEYS */;
INSERT INTO `question` VALUES (1,'Além de você, quantas pessoas dependem exclusivamente do seu dinheiro?'),(2,'Qual a sua faixa de renda mensal?'),(3,'Como está o seu orçamento mensal com relação as receitas e despesas?'),(4,'Como classificaria o nível de estabilidade da sua fonte de renda principal?'),(5,'Possui fontes de rendas extras?'),(6,'Qual sua satisfação com a relação Tempo X Trabalho X Remuneração'),(7,'Você conhece suas receitas?'),(8,'Você conhece suas despesas?'),(9,'Qual o nível de envolvimento da sua família com as questões financeiras?'),(10,'Como classifica o seu padrão de consumo predominante?'),(11,'Como costuma pagar pelas suas compras?'),(12,'Como estão as suas dívidas?'),(13,'Se perdesse as fontes de rendas, por quanto tempo conseguiria viver somente com as suas reservas?'),(14,'Você sabe quanto de dinheiro precisa acumular para a aposentadoria?'),(15,'Faz investimentos para a aposentadoria?'),(16,'Possui objetivos de vida definidos?'),(17,'Você tem alguma estimativa do quanto vão custar os seus objetivos de vida?'),(18,'Está investindo dinheiro para alcançar os seus objetivos de vida?'),(19,'Com qual frequência realiza investimento?'),(20,'Qual o seu nível de conhecimento sobre investimentos?'),(21,'Possui seguros e proteções contra acidentes e imprevistos (plano de saúde, seguro de vida e invalidez, seguro de incêndio, seguro veicular)'),(22,'Como é a sua educação financeira?'),(23,'Como são os seus pensamentos e emoções ligadas ao dinheiro e à riqueza?'),(24,'Como avalia o seu perfil financeiro?'),(25,'Você concorda ou discorda da frase, “Me sinto satisfeito com a minha vida financeira”?'),(26,'Qual a sua vontade e disposição para mudar a sua vida financeira?'),(27,'Quais os seus objetivos financeiros mais imediatos?'),(28,'Como conheceu o Meu Consultor Financeiro?'),(29,'Observações do cliente'),(30,'Você gostaria de receber o contato de um profissional para agendar uma reunião gratuita com uma análise da sua situação financeira?');
/*!40000 ALTER TABLE `question` ENABLE KEYS */;
UNLOCK TABLES;
/*!40103 SET TIME_ZONE=@OLD_TIME_ZONE */;

/*!40101 SET SQL_MODE=@OLD_SQL_MODE */;
/*!40014 SET FOREIGN_KEY_CHECKS=@OLD_FOREIGN_KEY_CHECKS */;
/*!40014 SET UNIQUE_CHECKS=@OLD_UNIQUE_CHECKS */;
/*!40101 SET CHARACTER_SET_CLIENT=@OLD_CHARACTER_SET_CLIENT */;
/*!40101 SET CHARACTER_SET_RESULTS=@OLD_CHARACTER_SET_RESULTS */;
/*!40101 SET COLLATION_CONNECTION=@OLD_COLLATION_CONNECTION */;
/*!40111 SET SQL_NOTES=@OLD_SQL_NOTES */;

-- Dump completed on 2022-04-22 12:22:17
